no,name,gender
0,an cơ,1
1,an co,1
2,an khang,1
4,ân lai,1
5,an lai,1
6,an nam,1
8,an nguyên,1
9,an nguyen,1
10,an ninh,1
12,an tâm,1
13,an tam,1
14,ân thiện,1
15,an thien,1
16,an tường,1
17,an tuong,1
18,anh ðức,1
19,anh duc,1
20,anh dũng,1
21,anh dung,1
22,anh duy,1
24,anh hoàng,1
25,anh hoang,1
26,anh khải,1
27,anh khai,1
28,anh khoa,1
30,anh khôi,1
31,anh khoi,1
32,anh minh,1
34,anh quân,1
35,anh quan,1
36,anh quốc,1
37,anh quoc,1
38,anh sơn,1
39,anh son,1
40,anh tài,1
41,anh tai,1
42,anh thái,1
43,anh thai,1
44,anh tú,1
45,anh tu,1
46,anh tuấn,1
47,anh tuan,1
48,anh tùng,1
49,anh tung,1
50,anh việt,1
51,anh viet,1
52,anh vũ,1
53,anh vu,1
54,bá cường,1
55,ba cuong,1
56,bá kỳ,1
57,ba ky,1
58,bá lộc,1
59,ba loc,1
60,bá long,1
61,ba long,1
62,bá phước,1
63,ba phuoc,1
64,bá thành,1
65,ba thanh,1
66,bá thiện,1
67,ba thien,1
68,bá thịnh,1
69,ba thinh,1
70,bá thúc,1
71,ba thuc,1
72,bá trúc,1
73,ba truc,1
74,bá tùng,1
75,ba tung,1
76,bách du,1
77,bach du,1
78,bách nhân,1
79,bach nhan,1
80,bằng sơn,1
81,bang son,1
82,bảo an,1
83,bao an,1
84,bảo bảo,1
85,bao bao,1
86,bảo chấn,1
87,bao chan,1
88,bảo ðịnh,1
89,bao dinh,1
90,bảo duy,1
91,bao duy,1
92,bảo giang,1
93,bao giang,1
94,bảo hiển,1
95,bao hien,1
96,bảo hoa,1
97,bao hoa,1
98,bảo hoàng,1
99,bao hoang,1
100,bảo huy,1
101,bao huy,1
102,bảo huynh,1
103,bao huynh,1
104,bảo huỳnh,1
106,bảo khánh,1
107,bao khanh,1
108,bảo lâm,1
109,bao lam,1
110,bảo long,1
111,bao long,1
112,bảo pháp,1
113,bao phap,1
114,bảo quốc,1
115,bao quoc,1
116,bảo sơn,1
117,bao son,1
118,bảo thạch,1
119,bao thach,1
120,bảo thái,1
121,bao thai,1
122,bảo tín,1
123,bao tin,1
124,bảo toàn,1
125,bao toan,1
126,bích nhã,1
127,bich nha,1
128,bình an,1
129,binh an,1
130,bình dân,1
131,binh dan,1
132,bình ðạt,1
133,binh dat,1
134,bình ðịnh,1
135,binh dinh,1
136,bình dương,1
137,binh duong,1
138,bình hòa,1
139,binh hoa,1
140,bình minh,1
141,binh minh,1
142,bình nguyên,1
143,binh nguyen,1
144,bình quân,1
145,binh quan,1
146,bình thuận,1
147,binh thuan,1
148,bình yên,1
149,binh yen,1
150,bửu chưởng,1
151,buu chuong,1
152,bửu diệp,1
153,buu diep,1
154,bữu toại,1
155,buu toai,1
156,cảnh tuấn,1
157,canh tuan,1
158,cao kỳ,1
159,cao ky,1
160,cao minh,1
162,cao nghiệp,1
163,cao nghiep,1
164,cao nguyên,1
165,cao nguyen,1
166,cao nhân,1
167,cao nhan,1
168,cao phong,1
170,cao sĩ,1
171,cao si,1
172,cao sơn,1
173,cao son,1
174,cao sỹ,1
175,cao sy,1
176,cao thọ,1
177,cao tho,1
178,cao tiến,1
179,cao tien,1
180,cát tường,1
181,cat tuong,1
182,cát uy,1
183,cat uy,1
184,chấn hùng,1
185,chan hung,1
186,chấn hưng,1
188,chấn phong,1
189,chan phong,1
190,chánh việt,1
191,chanh viet,1
192,chế phương,1
193,che phuong,1
194,chí anh,1
195,chi anh,1
196,chí bảo,1
197,chi bao,1
198,chí công,1
199,chi cong,1
200,chí dũng,1
201,chi dung,1
202,chí giang,1
203,chi giang,1
204,chí hiếu,1
205,chi hieu,1
206,chí khang,1
207,chi khang,1
208,chí khiêm,1
209,chi khiem,1
210,chí kiên,1
211,chi kien,1
212,chí nam,1
213,chi nam,1
214,chí sơn,1
215,chi son,1
216,chí thanh,1
217,chi thanh,1
218,chí thành,1
220,chiến thắng,1
221,chien thang,1
222,chiêu minh,1
223,chieu minh,1
224,chiêu phong,1
225,chieu phong,1
226,chiêu quân,1
227,chieu quan,1
228,chính tâm,1
229,chinh tam,1
230,chính thuận,1
231,chinh thuan,1
232,chính trực,1
233,chinh truc,1
234,chuẩn khoa,1
235,chuan khoa,1
236,chung thủy,1
237,chung thuy,1
238,công án,1
239,cong an,1
240,công ân,1
242,công bằng,1
243,cong bang,1
244,công giang,1
245,cong giang,1
246,công hải,1
247,cong hai,1
248,công hào,1
249,cong hao,1
250,công hậu,1
251,cong hau,1
252,công hiếu,1
253,cong hieu,1
254,công hoán,1
255,cong hoan,1
256,công lập,1
257,cong lap,1
258,công lộc,1
259,cong loc,1
260,công luận,1
261,cong luan,1
262,công luật,1
263,cong luat,1
264,công lý,1
265,cong ly,1
266,công phụng,1
267,cong phung,1
268,công sinh,1
269,cong sinh,1
270,công sơn,1
271,cong son,1
272,công thành,1
273,cong thanh,1
274,công tráng,1
275,cong trang,1
276,công tuấn,1
277,cong tuan,1
278,cường dũng,1
279,cuong dung,1
280,cương nghị,1
281,cuong nghi,1
282,cương quyết,1
283,cuong quyet,1
284,cường thịnh,1
285,cuong thinh,1
286,ðắc cường,1
287,dac cuong,1
288,ðắc di,1
289,dac di,1
290,ðắc lộ,1
291,dac lo,1
292,ðắc lực,1
293,dac luc,1
294,ðắc thái,1
295,dac thai,1
296,ðắc thành,1
297,dac thanh,1
298,ðắc trọng,1
299,dac trong,1
300,ðại dương,1
301,dai duong,1
302,ðại hành,1
303,dai hanh,1
304,ðại ngọc,1
305,dai ngoc,1
306,ðại thống,1
307,dai thong,1
308,dân hiệp,1
309,dan hiep,1
310,dân khánh,1
311,dan khanh,1
312,ðan quế,1
313,dan que,1
314,ðan tâm,1
315,dan tam,1
316,ðăng an,1
317,dang an,1
318,ðăng ðạt,1
319,dang dat,1
320,ðăng khánh,1
321,dang khanh,1
322,ðăng khoa,1
323,dang khoa,1
324,đăng khương,1
325,dang khuong,1
326,ðăng minh,1
327,dang minh,1
328,đăng quang,1
329,dang quang,1
330,danh nhân,1
331,danh nhan,1
332,danh sơn,1
333,danh son,1
334,danh thành,1
335,danh thanh,1
336,danh văn,1
337,danh van,1
338,ðạt dũng,1
339,dat dung,1
340,ðạt hòa,1
341,dat hoa,1
342,ðình chiểu,1
343,dinh chieu,1
344,ðình chương,1
345,dinh chuong,1
346,ðình cường,1
347,dinh cuong,1
348,ðình diệu,1
349,dinh dieu,1
350,ðình ðôn,1
351,dinh don,1
352,ðình dương,1
353,dinh duong,1
354,ðình hảo,1
355,dinh hao,1
356,ðình hợp,1
357,dinh hop,1
358,ðình kim,1
359,dinh kim,1
360,ðinh lộc,1
361,dinh loc,1
362,ðình lộc,1
364,ðình luận,1
365,dinh luan,1
366,ðịnh lực,1
367,dinh luc,1
368,ðình nam,1
369,dinh nam,1
370,ðình ngân,1
371,dinh ngan,1
372,ðình nguyên,1
373,dinh nguyen,1
374,ðình nhân,1
375,dinh nhan,1
376,ðình phú,1
377,dinh phu,1
378,ðình phúc,1
379,dinh phuc,1
380,ðình quảng,1
381,dinh quang,1
382,ðình sang,1
383,dinh sang,1
384,ðịnh siêu,1
385,dinh sieu,1
386,ðình thắng,1
387,dinh thang,1
388,ðình thiện,1
389,dinh thien,1
390,ðình toàn,1
391,dinh toan,1
392,ðình trung,1
393,dinh trung,1
394,ðình tuấn,1
395,dinh tuan,1
396,ðoàn tụ,1
397,doan tu,1
398,ðồng bằng,1
399,dong bang,1
400,ðông dương,1
401,dong duong,1
402,ðông hải,1
403,dong hai,1
404,ðồng khánh,1
405,dong khanh,1
406,ðông nguyên,1
407,dong nguyen,1
408,ðông phong,1
409,dong phong,1
410,ðông phương,1
411,dong phuong,1
412,ðông quân,1
413,dong quan,1
414,ðông sơn,1
415,dong son,1
416,ðức ân,1
417,duc an,1
418,ðức anh,1
419,duc anh,1
420,ðức bằng,1
421,duc bang,1
422,ðức bảo,1
423,duc bao,1
424,ðức bình,1
425,duc binh,1
426,ðức chính,1
427,duc chinh,1
428,ðức duy,1
429,duc duy,1
430,ðức giang,1
431,duc giang,1
432,ðức hải,1
433,duc hai,1
434,ðức hạnh,1
435,duc hanh,1
436,đức hòa,1
437,duc hoa,1
438,ðức hòa,1
440,ðức huy,1
441,duc huy,1
442,ðức khải,1
443,duc khai,1
444,ðức khang,1
445,duc khang,1
446,ðức khiêm,1
447,duc khiem,1
448,ðức kiên,1
449,duc kien,1
450,ðức long,1
451,duc long,1
452,ðức mạnh,1
453,duc manh,1
454,ðức minh,1
455,duc minh,1
456,ðức nhân,1
457,duc nhan,1
458,ðức phi,1
459,duc phi,1
460,ðức phong,1
461,duc phong,1
462,ðức phú,1
463,duc phu,1
464,ðức quang,1
465,duc quang,1
466,ðức quảng,1
468,ðức quyền,1
469,duc quyen,1
470,ðức siêu,1
471,duc sieu,1
472,ðức sinh,1
473,duc sinh,1
474,ðức tài,1
475,duc tai,1
476,ðức tâm,1
477,duc tam,1
478,ðức thắng,1
479,duc thang,1
480,ðức thành,1
481,duc thanh,1
482,ðức thọ,1
483,duc tho,1
484,ðức toàn,1
485,duc toan,1
486,ðức toản,1
488,ðức trí,1
489,duc tri,1
490,ðức trung,1
491,duc trung,1
492,ðức tuấn,1
493,duc tuan,1
494,ðức tuệ,1
495,duc tue,1
496,ðức tường,1
497,duc tuong,1
498,dũng trí,1
499,dung tri,1
500,dũng việt,1
501,dung viet,1
502,dương anh,1
503,duong anh,1
504,dương khánh,1
505,duong khanh,1
506,duy an,1
508,duy bảo,1
509,duy bao,1
510,duy cẩn,1
511,duy can,1
512,duy cường,1
513,duy cuong,1
514,duy hải,1
515,duy hai,1
516,duy hiền,1
517,duy hien,1
518,duy hiếu,1
519,duy hieu,1
520,duy hoàng,1
521,duy hoang,1
522,duy hùng,1
523,duy hung,1
524,duy khang,1
526,duy khánh,1
527,duy khanh,1
528,duy khiêm,1
529,duy khiem,1
530,duy kính,1
531,duy kinh,1
532,duy luận,1
533,duy luan,1
534,duy mạnh,1
535,duy manh,1
536,duy minh,1
538,duy ngôn,1
539,duy ngon,1
540,duy nhượng,1
541,duy nhuong,1
542,duy quang,1
544,duy tâm,1
545,duy tam,1
546,duy tân,1
547,duy tan,1
548,duy thạch,1
549,duy thach,1
550,duy thắng,1
551,duy thang,1
552,duy thanh,1
554,duy thành,1
556,duy thông,1
557,duy thong,1
558,duy tiếp,1
559,duy tiep,1
560,duy tuyền,1
561,duy tuyen,1
562,gia ân,1
563,gia an,1
564,gia anh,1
566,gia bạch,1
567,gia bach,1
568,gia bảo,1
569,gia bao,1
570,gia bình,1
571,gia binh,1
572,gia cần,1
573,gia can,1
574,gia cẩn,1
576,gia cảnh,1
577,gia canh,1
578,gia ðạo,1
579,gia dao,1
580,gia ðức,1
581,gia duc,1
582,gia hiệp,1
583,gia hiep,1
584,gia hòa,1
585,gia hoa,1
586,gia hoàng,1
587,gia hoang,1
588,gia huấn,1
589,gia huan,1
590,gia hùng,1
591,gia hung,1
592,gia hưng,1
594,gia huy,1
596,gia khánh,1
597,gia khanh,1
598,gia khiêm,1
599,gia khiem,1
600,gia kiên,1
601,gia kien,1
602,gia kiệt,1
603,gia kiet,1
604,gia lập,1
605,gia lap,1
606,gia minh,1
608,gia nghị,1
609,gia nghi,1
610,gia phong,1
612,gia phúc,1
613,gia phuc,1
614,gia phước,1
615,gia phuoc,1
616,gia thiện,1
617,gia thien,1
618,gia thịnh,1
619,gia thinh,1
620,gia uy,1
622,gia vinh,1
624,giang lam,1
626,giang nam,1
628,giang sơn,1
629,giang son,1
630,giang thiên,1
631,giang thien,1
632,hà hải,1
633,ha hai,1
634,hải bằng,1
635,hai bang,1
636,hải bình,1
637,hai binh,1
638,hải ðăng,1
639,hai dang,1
640,hải dương,1
641,hai duong,1
642,hải giang,1
643,hai giang,1
644,hải hà,1
645,hai ha,1
646,hải long,1
647,hai long,1
648,hải lý,1
649,hai ly,1
650,hải nam,1
651,hai nam,1
652,hải nguyên,1
653,hai nguyen,1
654,hải phong,1
655,hai phong,1
656,hải quân,1
657,hai quan,1
658,hải sơn,1
659,hai son,1
660,hải thụy,1
661,hai thuy,1
662,hán lâm,1
663,han lam,1
664,hạnh tường,1
665,hanh tuong,1
666,hào nghiệp,1
667,hao nghiep,1
668,hạo nhiên,1
669,hao nhien,1
670,hiền minh,1
671,hien minh,1
672,hiệp dinh,1
673,hiep dinh,1
674,hiệp hà,1
675,hiep ha,1
676,hiệp hào,1
677,hiep hao,1
678,hiệp hiền,1
679,hiep hien,1
680,hiệp hòa,1
681,hiep hoa,1
682,hiệp vũ,1
683,hiep vu,1
684,hiếu dụng,1
685,hieu dung,1
686,hiếu học,1
687,hieu hoc,1
688,hiểu lam,1
689,hieu lam,1
690,hiếu liêm,1
691,hieu liem,1
692,hiếu nghĩa,1
693,hieu nghia,1
694,hiếu phong,1
695,hieu phong,1
696,hiếu thông,1
697,hieu thong,1
698,hồ bắc,1
699,ho bac,1
700,hồ nam,1
701,ho nam,1
702,hòa bình,1
703,hoa binh,1
704,hòa giang,1
705,hoa giang,1
706,hòa hiệp,1
707,hoa hiep,1
708,hòa hợp,1
709,hoa hop,1
710,hòa lạc,1
711,hoa lac,1
712,hòa thái,1
713,hoa thai,1
714,hoài bắc,1
715,hoai bac,1
716,hoài nam,1
717,hoai nam,1
718,hoài phong,1
719,hoai phong,1
720,hoài thanh,1
721,hoai thanh,1
722,hoài tín,1
723,hoai tin,1
724,hoài trung,1
725,hoai trung,1
726,hoài việt,1
727,hoai viet,1
728,hoài vỹ,1
729,hoai vy,1
730,hoàn kiếm,1
731,hoan kiem,1
732,hoàn vũ,1
733,hoan vu,1
734,hoàng ân,1
735,hoang an,1
736,hoàng duệ,1
737,hoang due,1
738,hoàng dũng,1
739,hoang dung,1
740,hoàng giang,1
741,hoang giang,1
742,hoàng hải,1
743,hoang hai,1
744,hoàng hiệp,1
745,hoang hiep,1
746,hoàng khải,1
747,hoang khai,1
748,hoàng khang,1
749,hoang khang,1
750,hoàng khôi,1
751,hoang khoi,1
752,hoàng lâm,1
753,hoang lam,1
754,hoàng linh,1
755,hoang linh,1
756,hoàng long,1
757,hoang long,1
758,hoàng minh,1
759,hoang minh,1
760,hoàng mỹ,1
761,hoang my,1
762,hoàng nam,1
763,hoang nam,1
764,hoàng ngôn,1
765,hoang ngon,1
766,hoàng phát,1
767,hoang phat,1
768,hoàng quân,1
769,hoang quan,1
770,hoàng thái,1
771,hoang thai,1
772,hoàng việt,1
773,hoang viet,1
774,hoàng xuân,1
775,hoang xuan,1
776,hồng ðăng,1
777,hong dang,1
778,hồng đức,1
779,hong duc,1
780,hồng giang,1
781,hong giang,1
782,hồng lân,1
783,hong lan,1
784,hồng liêm,1
785,hong liem,1
786,hồng lĩnh,1
787,hong linh,1
788,hồng minh,1
789,hong minh,1
790,hồng nhật,1
791,hong nhat,1
792,hồng nhuận,1
793,hong nhuan,1
794,hồng phát,1
795,hong phat,1
796,hồng quang,1
797,hong quang,1
798,hồng quý,1
799,hong quy,1
800,hồng sơn,1
801,hong son,1
802,hồng thịnh,1
803,hong thinh,1
804,hồng thụy,1
805,hong thuy,1
806,hồng việt,1
807,hong viet,1
808,hồng vinh,1
809,hong vinh,1
810,huân võ,1
811,huan vo,1
812,hùng anh,1
813,hung anh,1
814,hùng cường,1
815,hung cuong,1
816,hưng ðạo,1
817,hung dao,1
818,hùng dũng,1
819,hung dung,1
820,hùng ngọc,1
821,hung ngoc,1
822,hùng phong,1
823,hung phong,1
824,hùng sơn,1
825,hung son,1
826,hùng thịnh,1
827,hung thinh,1
828,hùng tường,1
829,hung tuong,1
830,hướng bình,1
831,huong binh,1
832,hướng dương,1
833,huong duong,1
834,hướng thiện,1
835,huong thien,1
836,hướng tiền,1
837,huong tien,1
838,hữu bào,1
839,huu bao,1
840,hữu bảo,1
842,hữu bình,1
843,huu binh,1
844,hữu canh,1
845,huu canh,1
846,hữu cảnh,1
848,hữu châu,1
849,huu chau,1
850,hữu chiến,1
851,huu chien,1
852,hữu cương,1
853,huu cuong,1
854,hữu cường,1
856,hữu ðạt,1
857,huu dat,1
858,hữu ðịnh,1
859,huu dinh,1
860,hữu hạnh,1
861,huu hanh,1
862,hữu hiệp,1
863,huu hiep,1
864,hữu hoàng,1
865,huu hoang,1
866,hữu hùng,1
867,huu hung,1
868,hữu khang,1
869,huu khang,1
870,hữu khanh,1
871,huu khanh,1
872,hữu khoát,1
873,huu khoat,1
874,hữu khôi,1
875,huu khoi,1
876,hữu long,1
877,huu long,1
878,hữu lương,1
879,huu luong,1
880,hữu minh,1
881,huu minh,1
882,hữu nam,1
883,huu nam,1
884,hữu nghị,1
885,huu nghi,1
886,hữu nghĩa,1
887,huu nghia,1
888,hữu phước,1
889,huu phuoc,1
890,hữu tài,1
891,huu tai,1
892,hữu tâm,1
893,huu tam,1
894,hữu tân,1
895,huu tan,1
896,hữu thắng,1
897,huu thang,1
898,hữu thiện,1
899,huu thien,1
900,hữu thọ,1
901,huu tho,1
902,hữu thống,1
903,huu thong,1
904,hữu thực,1
905,huu thuc,1
906,hữu toàn,1
907,huu toan,1
908,hữu trác,1
909,huu trac,1
910,hữu trí,1
911,huu tri,1
912,hữu trung,1
913,huu trung,1
914,hữu từ,1
915,huu tu,1
916,hữu tường,1
917,huu tuong,1
918,hữu vĩnh,1
919,huu vinh,1
920,hữu vượng,1
921,huu vuong,1
922,huy anh,1
924,huy chiểu,1
925,huy chieu,1
926,huy hà,1
927,huy ha,1
928,huy hoàng,1
929,huy hoang,1
930,huy kha,1
932,huy khánh,1
933,huy khanh,1
934,huy khiêm,1
935,huy khiem,1
936,huy lĩnh,1
937,huy linh,1
938,huy phong,1
940,huy quang,1
942,huy thành,1
943,huy thanh,1
944,huy thông,1
945,huy thong,1
946,huy trân,1
947,huy tran,1
948,huy tuấn,1
949,huy tuan,1
950,huy tường,1
951,huy tuong,1
952,huy việt,1
953,huy viet,1
954,huy vũ,1
955,huy vu,1
956,khắc anh,1
957,khac anh,1
958,khắc công,1
959,khac cong,1
960,khắc dũng,1
961,khac dung,1
962,khắc duy,1
963,khac duy,1
964,khắc kỷ,1
965,khac ky,1
966,khắc minh,1
967,khac minh,1
968,khắc ninh,1
969,khac ninh,1
970,khắc thành,1
971,khac thanh,1
972,khắc triệu,1
973,khac trieu,1
974,khắc trọng,1
975,khac trong,1
976,khắc tuấn,1
977,khac tuan,1
978,khắc việt,1
979,khac viet,1
980,khắc vũ,1
981,khac vu,1
982,khải ca,1
983,khai ca,1
984,khải hòa,1
985,khai hoa,1
986,khai minh,1
988,khải tâm,1
989,khai tam,1
990,khải tuấn,1
991,khai tuan,1
992,khang kiện,1
993,khang kien,1
994,khánh an,1
995,khanh an,1
996,khánh bình,1
997,khanh binh,1
998,khánh ðan,1
999,khanh dan,1
1000,khánh duy,1
1001,khanh duy,1
1002,khánh giang,1
1003,khanh giang,1
1004,khánh hải,1
1005,khanh hai,1
1006,khánh hòa,1
1007,khanh hoa,1
1008,khánh hoàn,1
1009,khanh hoan,1
1010,khánh hoàng,1
1011,khanh hoang,1
1012,khánh hội,1
1013,khanh hoi,1
1014,khánh huy,1
1015,khanh huy,1
1016,khánh minh,1
1017,khanh minh,1
1018,khánh nam,1
1019,khanh nam,1
1020,khánh văn,1
1021,khanh van,1
1022,khoa trưởng,1
1023,khoa truong,1
1024,khôi nguyên,1
1025,khoi nguyen,1
1026,khởi phong,1
1027,khoi phong,1
1028,khôi vĩ,1
1029,khoi vi,1
1030,khương duy,1
1031,khuong duy,1
1032,khuyến học,1
1033,khuyen hoc,1
1034,kiên bình,1
1035,kien binh,1
1036,kiến bình,1
1038,kiên cường,1
1039,kien cuong,1
1040,kiến ðức,1
1041,kien duc,1
1042,kiên giang,1
1043,kien giang,1
1044,kiên lâm,1
1045,kien lam,1
1046,kiên trung,1
1047,kien trung,1
1048,kiến văn,1
1049,kien van,1
1050,kiệt võ,1
1051,kiet vo,1
1052,kim ðan,1
1053,kim dan,1
1054,kim hoàng,1
1055,kim hoang,1
1056,kim long,1
1058,kim phú,1
1059,kim phu,1
1060,kim sơn,1
1061,kim son,1
1062,kim thịnh,1
1063,kim thinh,1
1064,kim thông,1
1065,kim thong,1
1066,kim toàn,1
1067,kim toan,1
1068,kim vượng,1
1069,kim vuong,1
1070,kỳ võ,1
1071,ky vo,1
1072,lạc nhân,1
1073,lac nhan,1
1074,lạc phúc,1
1075,lac phuc,1
1076,lâm ðồng,1
1077,lam dong,1
1078,lâm dũng,1
1079,lam dung,1
1080,lam giang,1
1082,lam phương,1
1083,lam phuong,1
1084,lâm trường,1
1085,lam truong,1
1086,lâm tường,1
1087,lam tuong,1
1088,lâm viên,1
1089,lam vien,1
1090,lâm vũ,1
1091,lam vu,1
1092,lập nghiệp,1
1093,lap nghiep,1
1094,lập thành,1
1095,lap thanh,1
1096,liên kiệt,1
1097,lien kiet,1
1098,long giang,1
1100,long quân,1
1101,long quan,1
1102,long vịnh,1
1103,long vinh,1
1104,lương quyền,1
1105,luong quyen,1
1106,lương tài,1
1107,luong tai,1
1108,lương thiện,1
1109,luong thien,1
1110,lương tuyền,1
1111,luong tuyen,1
1112,mạnh cương,1
1113,manh cuong,1
1114,mạnh cường,1
1116,mạnh ðình,1
1117,manh dinh,1
1118,mạnh dũng,1
1119,manh dung,1
1120,mạnh hùng,1
1121,manh hung,1
1122,mạnh nghiêm,1
1123,manh nghiem,1
1124,mạnh quỳnh,1
1125,manh quynh,1
1126,mạnh tấn,1
1127,manh tan,1
1128,mạnh thắng,1
1129,manh thang,1
1130,mạnh thiện,1
1131,manh thien,1
1132,mạnh trình,1
1133,manh trinh,1
1134,mạnh trường,1
1135,manh truong,1
1136,mạnh tuấn,1
1137,manh tuan,1
1138,mạnh tường,1
1139,manh tuong,1
1140,minh ân,1
1141,minh an,1
1142,minh anh,1
1144,minh cảnh,1
1145,minh canh,1
1146,minh dân,1
1147,minh dan,1
1148,minh ðan,1
1150,minh danh,1
1152,minh ðạt,1
1153,minh dat,1
1154,minh ðức,1
1155,minh duc,1
1156,minh dũng,1
1157,minh dung,1
1158,minh giang,1
1160,minh hải,1
1161,minh hai,1
1162,minh hào,1
1163,minh hao,1
1164,minh hiên,1
1165,minh hien,1
1166,minh hiếu,1
1167,minh hieu,1
1168,minh hòa,1
1169,minh hoa,1
1170,minh hoàng,1
1171,minh hoang,1
1172,minh huấn,1
1173,minh huan,1
1174,minh hùng,1
1175,minh hung,1
1176,minh hưng,1
1178,minh huy,1
1180,minh hỷ,1
1181,minh hy,1
1182,minh khang,1
1184,minh khánh,1
1185,minh khanh,1
1186,minh khiếu,1
1187,minh khieu,1
1188,minh khôi,1
1189,minh khoi,1
1190,minh kiệt,1
1191,minh kiet,1
1192,minh kỳ,1
1193,minh ky,1
1194,minh lý,1
1195,minh ly,1
1196,minh mẫn,1
1197,minh man,1
1198,minh nghĩa,1
1199,minh nghia,1
1200,minh nhân,1
1201,minh nhan,1
1202,minh nhật,1
1203,minh nhat,1
1204,minh nhu,1
1206,minh quân,1
1207,minh quan,1
1208,minh quang,1
1210,minh quốc,1
1211,minh quoc,1
1212,minh sơn,1
1213,minh son,1
1214,minh tân,1
1215,minh tan,1
1216,minh thạc,1
1217,minh thac,1
1218,minh thái,1
1219,minh thai,1
1220,minh thắng,1
1221,minh thang,1
1222,minh thiện,1
1223,minh thien,1
1224,minh thông,1
1225,minh thong,1
1226,minh thuận,1
1227,minh thuan,1
1228,minh tiến,1
1229,minh tien,1
1230,minh toàn,1
1231,minh toan,1
1232,minh trí,1
1233,minh tri,1
1234,minh triết,1
1235,minh triet,1
1236,minh triệu,1
1237,minh trieu,1
1238,minh trung,1
1240,minh tú,1
1241,minh tu,1
1242,minh tuấn,1
1243,minh tuan,1
1244,minh vu,1
1246,minh vũ,1
1248,minh vương,1
1249,minh vuong,1
1250,mộng giác,1
1251,mong giac,1
1252,mộng hoàn,1
1253,mong hoan,1
1254,mộng lâm,1
1255,mong lam,1
1256,mộng long,1
1257,mong long,1
1258,nam an,1
1260,nam dương,1
1261,nam duong,1
1262,nam hải,1
1263,nam hai,1
1264,nam hưng,1
1265,nam hung,1
1266,nam lộc,1
1267,nam loc,1
1268,nam nhật,1
1269,nam nhat,1
1270,nam ninh,1
1272,nam phi,1
1274,nam phương,1
1275,nam phuong,1
1276,nam sơn,1
1277,nam son,1
1278,nam thanh,1
1280,nam thông,1
1281,nam thong,1
1282,nam tú,1
1283,nam tu,1
1284,nam việt,1
1285,nam viet,1
1286,nghị lực,1
1287,nghi luc,1
1288,nghị quyền,1
1289,nghi quyen,1
1290,nghĩa dũng,1
1291,nghia dung,1
1292,nghĩa hòa,1
1293,nghia hoa,1
1294,ngọc ẩn,1
1295,ngoc an,1
1296,ngọc cảnh,1
1297,ngoc canh,1
1298,ngọc cường,1
1299,ngoc cuong,1
1300,ngọc danh,1
1301,ngoc danh,1
1302,ngọc ðoàn,1
1303,ngoc doan,1
1304,ngọc dũng,1
1305,ngoc dung,1
1306,ngọc hải,1
1307,ngoc hai,1
1308,ngọc hiển,1
1309,ngoc hien,1
1310,ngọc huy,1
1311,ngoc huy,1
1312,ngọc khang,1
1313,ngoc khang,1
1314,ngọc khôi,1
1315,ngoc khoi,1
1316,ngọc khương,1
1317,ngoc khuong,1
1318,ngọc lai,1
1319,ngoc lai,1
1320,ngọc lân,1
1321,ngoc lan,1
1322,ngọc minh,1
1323,ngoc minh,1
1324,ngọc ngạn,1
1325,ngoc ngan,1
1326,ngọc quang,1
1327,ngoc quang,1
1328,ngọc sơn,1
1329,ngoc son,1
1330,ngọc thạch,1
1331,ngoc thach,1
1332,ngọc thiện,1
1333,ngoc thien,1
1334,ngọc thọ,1
1335,ngoc tho,1
1336,ngọc thuận,1
1337,ngoc thuan,1
1338,ngọc tiển,1
1339,ngoc tien,1
1340,ngọc trụ,1
1341,ngoc tru,1
1342,ngọc tuấn,1
1343,ngoc tuan,1
1344,nguyên bảo,1
1345,nguyen bao,1
1346,nguyên bổng,1
1347,nguyen bong,1
1348,nguyên ðan,1
1349,nguyen dan,1
1350,nguyên giang,1
1351,nguyen giang,1
1352,nguyên giáp,1
1353,nguyen giap,1
1354,nguyễn hải an,1
1355,nguyen hai an,1
1356,nguyên hạnh,1
1357,nguyen hanh,1
1358,nguyên khang,1
1359,nguyen khang,1
1360,nguyên khôi,1
1361,nguyen khoi,1
1362,nguyên lộc,1
1363,nguyen loc,1
1364,nguyên nhân,1
1365,nguyen nhan,1
1366,nguyên phong,1
1367,nguyen phong,1
1368,nguyên sử,1
1369,nguyen su,1
1370,nguyên văn,1
1371,nguyen van,1
1372,nhân nguyên,1
1373,nhan nguyen,1
1374,nhân sâm,1
1375,nhan sam,1
1376,nhân từ,1
1377,nhan tu,1
1378,nhân văn,1
1379,nhan van,1
1380,nhật bảo long,1
1381,nhat bao long,1
1382,nhật dũng,1
1383,nhat dung,1
1384,nhật duy,1
1385,nhat duy,1
1386,nhật hòa,1
1387,nhat hoa,1
1388,nhật hoàng,1
1389,nhat hoang,1
1390,nhật hồng,1
1391,nhat hong,1
1392,nhật hùng,1
1393,nhat hung,1
1394,nhật huy,1
1395,nhat huy,1
1396,nhật khương,1
1397,nhat khuong,1
1398,nhật minh,1
1399,nhat minh,1
1400,nhật nam,1
1401,nhat nam,1
1402,nhật quân,1
1403,nhat quan,1
1404,nhật quang,1
1405,nhat quang,1
1406,nhật quốc,1
1407,nhat quoc,1
1408,nhật tấn,1
1409,nhat tan,1
1410,nhật thịnh,1
1411,nhat thinh,1
1412,nhất tiến,1
1413,nhat tien,1
1414,nhật tiến,1
1416,như khang,1
1417,nhu khang,1
1418,niệm nhiên,1
1419,niem nhien,1
1420,phi cường,1
1421,phi cuong,1
1422,phi ðiệp,1
1423,phi diep,1
1424,phi hải,1
1425,phi hai,1
1426,phi hoàng,1
1427,phi hoang,1
1428,phi hùng,1
1429,phi hung,1
1430,phi long,1
1432,phi nhạn,1
1433,phi nhan,1
1434,phong châu,1
1435,phong chau,1
1436,phong dinh,1
1438,phong ðộ,1
1439,phong do,1
1440,phú ân,1
1441,phu an,1
1442,phú bình,1
1443,phu binh,1
1444,phú hải,1
1445,phu hai,1
1446,phú hiệp,1
1447,phu hiep,1
1448,phú hùng,1
1449,phu hung,1
1450,phú hưng,1
1452,phú thịnh,1
1453,phu thinh,1
1454,phú thọ,1
1455,phu tho,1
1456,phú thời,1
1457,phu thoi,1
1458,phúc cường,1
1459,phuc cuong,1
1460,phúc ðiền,1
1461,phuc dien,1
1462,phúc duy,1
1463,phuc duy,1
1464,phúc hòa,1
1465,phuc hoa,1
1466,phúc hưng,1
1467,phuc hung,1
1468,phúc khang,1
1469,phuc khang,1
1470,phúc lâm,1
1471,phuc lam,1
1472,phục lễ,1
1473,phuc le,1
1474,phúc nguyên,1
1475,phuc nguyen,1
1476,phúc sinh,1
1477,phuc sinh,1
1478,phúc tâm,1
1479,phuc tam,1
1480,phúc thịnh,1
1481,phuc thinh,1
1482,phụng việt,1
1483,phung viet,1
1484,phước an,1
1485,phuoc an,1
1486,phước lộc,1
1487,phuoc loc,1
1488,phước nguyên,1
1489,phuoc nguyen,1
1490,phước nhân,1
1491,phuoc nhan,1
1492,phước sơn,1
1493,phuoc son,1
1494,phước thiện,1
1495,phuoc thien,1
1496,phượng long,1
1497,phuong long,1
1498,phương nam,1
1499,phuong nam,1
1500,phương phi,1
1501,phuong phi,1
1502,phương thể,1
1503,phuong the,1
1504,phương trạch,1
1505,phuong trach,1
1506,phương triều,1
1507,phuong trieu,1
1508,quân dương,1
1509,quan duong,1
1510,quang anh,1
1512,quang bửu,1
1513,quang buu,1
1514,quảng ðại,1
1515,quang dai,1
1516,quang danh,1
1518,quang ðạt,1
1519,quang dat,1
1520,quảng ðạt,1
1522,quang ðức,1
1523,quang duc,1
1524,quang dũng,1
1525,quang dung,1
1526,quang dương,1
1527,quang duong,1
1528,quang hà,1
1529,quang ha,1
1530,quang hải,1
1531,quang hai,1
1532,quang hòa,1
1533,quang hoa,1
1534,quang hùng,1
1535,quang hung,1
1536,quang hưng,1
1538,quang hữu,1
1539,quang huu,1
1540,quang huy,1
1542,quang khải,1
1543,quang khai,1
1544,quang khanh,1
1546,quang lâm,1
1547,quang lam,1
1548,quang lân,1
1549,quang lan,1
1550,quang linh,1
1552,quang lộc,1
1553,quang loc,1
1554,quang minh,1
1556,quang nhân,1
1557,quang nhan,1
1558,quang nhật,1
1559,quang nhat,1
1560,quang ninh,1
1562,quang sáng,1
1563,quang sang,1
1564,quang tài,1
1565,quang tai,1
1566,quang thạch,1
1567,quang thach,1
1568,quang thái,1
1569,quang thai,1
1570,quang thắng,1
1571,quang thang,1
1572,quang thiên,1
1573,quang thien,1
1574,quang thịnh,1
1575,quang thinh,1
1576,quảng thông,1
1577,quang thong,1
1578,quang thuận,1
1579,quang thuan,1
1580,quang triều,1
1581,quang trieu,1
1582,quang triệu,1
1584,quang trọng,1
1585,quang trong,1
1586,quang trung,1
1588,quang trường,1
1589,quang truong,1
1590,quang tú,1
1591,quang tu,1
1592,quang tuấn,1
1593,quang tuan,1
1594,quang vinh,1
1596,quang vũ,1
1597,quang vu,1
1598,quang xuân,1
1599,quang xuan,1
1600,quốc anh,1
1601,quoc anh,1
1602,quốc bảo,1
1603,quoc bao,1
1604,quốc bình,1
1605,quoc binh,1
1606,quốc ðại,1
1607,quoc dai,1
1608,quốc ðiền,1
1609,quoc dien,1
1610,quốc hải,1
1611,quoc hai,1
1612,quốc hạnh,1
1613,quoc hanh,1
1614,quốc hiền,1
1615,quoc hien,1
1616,quốc hiển,1
1618,quốc hòa,1
1619,quoc hoa,1
1620,quốc hoài,1
1621,quoc hoai,1
1622,quốc hoàng,1
1623,quoc hoang,1
1624,quốc hùng,1
1625,quoc hung,1
1626,quốc hưng,1
1628,quốc huy,1
1629,quoc huy,1
1630,quốc khánh,1
1631,quoc khanh,1
1632,quốc mạnh,1
1633,quoc manh,1
1634,quốc minh,1
1635,quoc minh,1
1636,quốc mỹ,1
1637,quoc my,1
1638,quốc phong,1
1639,quoc phong,1
1640,quốc phương,1
1641,quoc phuong,1
1642,quốc quân,1
1643,quoc quan,1
1644,quốc quang,1
1645,quoc quang,1
1646,quốc quý,1
1647,quoc quy,1
1648,quốc thắng,1
1649,quoc thang,1
1650,quốc thành,1
1651,quoc thanh,1
1652,quốc thiện,1
1653,quoc thien,1
1654,quốc thịnh,1
1655,quoc thinh,1
1656,quốc thông,1
1657,quoc thong,1
1658,quốc tiến,1
1659,quoc tien,1
1660,quốc toản,1
1661,quoc toan,1
1662,quốc trụ,1
1663,quoc tru,1
1664,quốc trung,1
1665,quoc trung,1
1666,quốc trường,1
1667,quoc truong,1
1668,quốc tuấn,1
1669,quoc tuan,1
1670,quốc văn,1
1671,quoc van,1
1672,quốc việt,1
1673,quoc viet,1
1674,quốc vinh,1
1675,quoc vinh,1
1676,quốc vũ,1
1677,quoc vu,1
1678,quý khánh,1
1679,quy khanh,1
1680,quý vĩnh,1
1681,quy vinh,1
1682,quyết thắng,1
1683,quyet thang,1
1684,sĩ hoàng,1
1685,si hoang,1
1686,sơn dương,1
1687,son duong,1
1688,sơn giang,1
1689,son giang,1
1690,sơn hà,1
1691,son ha,1
1692,sơn hải,1
1693,son hai,1
1694,sơn lâm,1
1695,son lam,1
1696,sơn quân,1
1697,son quan,1
1698,sơn quyền,1
1699,son quyen,1
1700,sơn trang,1
1701,son trang,1
1702,sơn tùng,1
1703,son tung,1
1704,song lam,1
1706,sỹ ðan,1
1707,sy dan,1
1708,sỹ hoàng,1
1709,sy hoang,1
1710,sỹ phú,1
1711,sy phu,1
1712,sỹ thực,1
1713,sy thuc,1
1714,tạ hiền,1
1715,ta hien,1
1716,tài ðức,1
1717,tai duc,1
1718,tài nguyên,1
1719,tai nguyen,1
1720,tâm thiện,1
1721,tam thien,1
1722,tân bình,1
1723,tan binh,1
1724,tân ðịnh,1
1725,tan dinh,1
1726,tấn dũng,1
1727,tan dung,1
1728,tấn khang,1
1729,tan khang,1
1730,tấn lợi,1
1731,tan loi,1
1732,tân long,1
1733,tan long,1
1734,tấn nam,1
1735,tan nam,1
1736,tấn phát,1
1737,tan phat,1
1738,tân phước,1
1739,tan phuoc,1
1740,tấn sinh,1
1741,tan sinh,1
1742,tấn tài,1
1743,tan tai,1
1744,tân thành,1
1745,tan thanh,1
1746,tấn thành,1
1748,tấn trình,1
1749,tan trinh,1
1750,tấn trương,1
1751,tan truong,1
1752,tất bình,1
1753,tat binh,1
1754,tất hiếu,1
1755,tat hieu,1
1756,tất hòa,1
1757,tat hoa,1
1758,thạch sơn,1
1759,thach son,1
1760,thạch tùng,1
1761,thach tung,1
1762,thái bình,1
1763,thai binh,1
1764,thái ðức,1
1765,thai duc,1
1766,thái dương,1
1767,thai duong,1
1768,thái duy,1
1769,thai duy,1
1770,thái hòa,1
1771,thai hoa,1
1772,thái minh,1
1773,thai minh,1
1774,thái nguyên,1
1775,thai nguyen,1
1776,thái san,1
1777,thai san,1
1778,thái sang,1
1779,thai sang,1
1780,thái sơn,1
1781,thai son,1
1782,thái tân,1
1783,thai tan,1
1784,thái tổ,1
1785,thai to,1
1786,thắng cảnh,1
1787,thang canh,1
1788,thắng lợi,1
1789,thang loi,1
1790,thăng long,1
1791,thang long,1
1792,thành an,1
1793,thanh an,1
1794,thành ân,1
1796,thành châu,1
1797,thanh chau,1
1798,thành công,1
1799,thanh cong,1
1800,thành danh,1
1801,thanh danh,1
1802,thanh ðạo,1
1803,thanh dao,1
1804,thành ðạt,1
1805,thanh dat,1
1806,thành ðệ,1
1807,thanh de,1
1808,thanh ðoàn,1
1809,thanh doan,1
1810,thành doanh,1
1811,thanh doanh,1
1812,thanh hải,1
1813,thanh hai,1
1814,thanh hào,1
1815,thanh hao,1
1816,thanh hậu,1
1817,thanh hau,1
1818,thành hòa,1
1819,thanh hoa,1
1820,thanh huy,1
1822,thành khiêm,1
1823,thanh khiem,1
1824,thanh kiên,1
1825,thanh kien,1
1826,thanh liêm,1
1827,thanh liem,1
1828,thành lợi,1
1829,thanh loi,1
1830,thanh long,1
1832,thành long,1
1834,thanh minh,1
1836,thành nguyên,1
1837,thanh nguyen,1
1838,thành nhân,1
1839,thanh nhan,1
1840,thanh phi,1
1842,thanh phong,1
1844,thành phương,1
1845,thanh phuong,1
1846,thanh quang,1
1848,thành sang,1
1849,thanh sang,1
1850,thanh sơn,1
1851,thanh son,1
1852,thanh thế,1
1853,thanh the,1
1854,thanh thiên,1
1855,thanh thien,1
1856,thành thiện,1
1858,thanh thuận,1
1859,thanh thuan,1
1860,thành tín,1
1861,thanh tin,1
1862,thanh tịnh,1
1863,thanh tinh,1
1864,thanh toàn,1
1865,thanh toan,1
1866,thanh toản,1
1868,thanh trung,1
1870,thành trung,1
1872,thanh tú,1
1873,thanh tu,1
1874,thanh tuấn,1
1875,thanh tuan,1
1876,thanh tùng,1
1877,thanh tung,1
1878,thanh việt,1
1879,thanh viet,1
1880,thanh vinh,1
1882,thành vinh,1
1884,thanh vũ,1
1885,thanh vu,1
1886,thành ý,1
1887,thanh y,1
1888,thất cương,1
1889,that cuong,1
1890,thất dũng,1
1891,that dung,1
1892,thất thọ,1
1893,that tho,1
1894,thế an,1
1895,the an,1
1896,thế anh,1
1897,the anh,1
1898,thế bình,1
1899,the binh,1
1900,thế dân,1
1901,the dan,1
1902,thế doanh,1
1903,the doanh,1
1904,thế dũng,1
1905,the dung,1
1906,thế duyệt,1
1907,the duyet,1
1908,thế huấn,1
1909,the huan,1
1910,thế hùng,1
1911,the hung,1
1912,thế lâm,1
1913,the lam,1
1914,thế lực,1
1915,the luc,1
1916,thế minh,1
1917,the minh,1
1918,thế năng,1
1919,the nang,1
1920,thế phúc,1
1921,the phuc,1
1922,thế phương,1
1923,the phuong,1
1924,thế quyền,1
1925,the quyen,1
1926,thế sơn,1
1927,the son,1
1928,thế trung,1
1929,the trung,1
1930,thế tường,1
1931,the tuong,1
1932,thế vinh,1
1933,the vinh,1
1934,thiên an,1
1935,thien an,1
1936,thiên ân,1
1938,thiện ân,1
1940,thiên bửu,1
1941,thien buu,1
1942,thiên ðức,1
1943,thien duc,1
1944,thiện ðức,1
1946,thiện dũng,1
1947,thien dung,1
1948,thiện giang,1
1949,thien giang,1
1950,thiên hưng,1
1951,thien hung,1
1952,thiện khiêm,1
1953,thien khiem,1
1954,thiên lạc,1
1955,thien lac,1
1956,thiện luân,1
1957,thien luan,1
1958,thiên lương,1
1959,thien luong,1
1960,thiện lương,1
1962,thiên mạnh,1
1963,thien manh,1
1964,thiện minh,1
1965,thien minh,1
1966,thiện ngôn,1
1967,thien ngon,1
1968,thiên phú,1
1969,thien phu,1
1970,thiện phước,1
1971,thien phuoc,1
1972,thiện sinh,1
1973,thien sinh,1
1974,thiện tâm,1
1975,thien tam,1
1976,thiện thanh,1
1977,thien thanh,1
1978,thiện tính,1
1979,thien tinh,1
1980,thiên trí,1
1981,thien tri,1
1982,thiếu anh,1
1983,thieu anh,1
1984,thiệu bảo,1
1985,thieu bao,1
1986,thiếu cường,1
1987,thieu cuong,1
1988,thịnh cường,1
1989,thinh cuong,1
1990,thời nhiệm,1
1991,thoi nhiem,1
1992,thông ðạt,1
1993,thong dat,1
1994,thông minh,1
1995,thong minh,1
1996,thống nhất,1
1997,thong nhat,1
1998,thông tuệ,1
1999,thong tue,1
2000,thụ nhân,1
2001,thu nhan,1
2002,thu sinh,1
2004,thuận anh,1
2005,thuan anh,1
2006,thuận hòa,1
2007,thuan hoa,1
2008,thuận phong,1
2009,thuan phong,1
2010,thuận phương,1
2011,thuan phuong,1
2012,thuận thành,1
2013,thuan thanh,1
2014,thuận toàn,1
2015,thuan toan,1
2016,thượng cường,1
2017,thuong cuong,1
2018,thượng khang,1
2019,thuong khang,1
2020,thường kiệt,1
2021,thuong kiet,1
2022,thượng liệt,1
2023,thuong liet,1
2024,thượng năng,1
2025,thuong nang,1
2026,thượng nghị,1
2027,thuong nghi,1
2028,thượng thuật,1
2029,thuong thuat,1
2030,thường xuân,1
2031,thuong xuan,1
2032,thụy du,1
2033,thuy du,1
2034,thụy long,1
2035,thuy long,1
2036,thụy miên,1
2037,thuy mien,1
2038,thụy vũ,1
2039,thuy vu,1
2040,tích ðức,1
2041,tich duc,1
2042,tích thiện,1
2043,tich thien,1
2044,tiến ðức,1
2045,tien duc,1
2046,tiến dũng,1
2047,tien dung,1
2048,tiền giang,1
2049,tien giang,1
2050,tiến hiệp,1
2051,tien hiep,1
2052,tiến hoạt,1
2053,tien hoat,1
2054,tiến võ,1
2055,tien vo,1
2056,tiểu bảo,1
2057,tieu bao,1
2058,toàn thắng,1
2059,toan thang,1
2060,tôn lễ,1
2061,ton le,1
2062,trí dũng,1
2063,tri dung,1
2064,trí hào,1
2065,tri hao,1
2066,trí hùng,1
2067,tri hung,1
2068,trí hữu,1
2069,tri huu,1
2070,trí liên,1
2071,tri lien,1
2072,trí minh,1
2073,tri minh,1
2074,trí thắng,1
2075,tri thang,1
2076,trí tịnh,1
2077,tri tinh,1
2078,triển sinh,1
2079,trien sinh,1
2080,triệu thái,1
2081,trieu thai,1
2082,triều thành,1
2083,trieu thanh,1
2084,trọng chính,1
2085,trong chinh,1
2086,trọng dũng,1
2087,trong dung,1
2088,trọng duy,1
2089,trong duy,1
2090,trọng hà,1
2091,trong ha,1
2092,trọng hiếu,1
2093,trong hieu,1
2094,trọng hùng,1
2095,trong hung,1
2096,trọng khánh,1
2097,trong khanh,1
2098,trọng kiên,1
2099,trong kien,1
2100,trọng nghĩa,1
2101,trong nghia,1
2102,trọng nhân,1
2103,trong nhan,1
2104,trọng tấn,1
2105,trong tan,1
2106,trọng trí,1
2107,trong tri,1
2108,trọng tường,1
2109,trong tuong,1
2110,trọng việt,1
2111,trong viet,1
2112,trọng vinh,1
2113,trong vinh,1
2114,trúc cương,1
2115,truc cuong,1
2116,trúc sinh,1
2117,truc sinh,1
2118,trung anh,1
2120,trung chính,1
2121,trung chinh,1
2122,trung chuyên,1
2123,trung chuyen,1
2124,trung ðức,1
2125,trung duc,1
2126,trung dũng,1
2127,trung dung,1
2128,trung hải,1
2129,trung hai,1
2130,trung hiếu,1
2131,trung hieu,1
2132,trung kiên,1
2133,trung kien,1
2134,trung lực,1
2135,trung luc,1
2136,trung nghĩa,1
2137,trung nghia,1
2138,trung nguyên,1
2139,trung nguyen,1
2140,trung nhân,1
2141,trung nhan,1
2142,trung thành,1
2143,trung thanh,1
2144,trung thực,1
2145,trung thuc,1
2146,trung việt,1
2147,trung viet,1
2148,trường an,1
2149,truong an,1
2150,trường chinh,1
2151,truong chinh,1
2152,trường giang,1
2153,truong giang,1
2154,trường hiệp,1
2155,truong hiep,1
2156,trường kỳ,1
2157,truong ky,1
2158,trường liên,1
2159,truong lien,1
2160,trường long,1
2161,truong long,1
2162,trường nam,1
2163,truong nam,1
2164,trường nhân,1
2165,truong nhan,1
2166,trường phát,1
2167,truong phat,1
2168,trường phu,1
2169,truong phu,1
2170,trường phúc,1
2171,truong phuc,1
2172,trường sa,1
2173,truong sa,1
2174,trường sinh,1
2175,truong sinh,1
2176,trường sơn,1
2177,truong son,1
2178,trường thành,1
2179,truong thanh,1
2180,trường vinh,1
2181,truong vinh,1
2182,trường vũ,1
2183,truong vu,1
2184,từ ðông,1
2185,tu dong,1
2186,tuấn anh,1
2187,tuan anh,1
2188,tuấn châu,1
2189,tuan chau,1
2190,tuấn chương,1
2191,tuan chuong,1
2192,tuấn ðức,1
2193,tuan duc,1
2194,tuấn dũng,1
2195,tuan dung,1
2196,tuấn hải,1
2197,tuan hai,1
2198,tuấn hoàng,1
2199,tuan hoang,1
2200,tuấn hùng,1
2201,tuan hung,1
2202,tuấn khải,1
2203,tuan khai,1
2204,tuấn khanh,1
2205,tuan khanh,1
2206,tuấn khoan,1
2207,tuan khoan,1
2208,tuấn kiệt,1
2209,tuan kiet,1
2210,tuấn linh,1
2211,tuan linh,1
2212,tuấn long,1
2213,tuan long,1
2214,tuấn minh,1
2215,tuan minh,1
2216,tuấn ngọc,1
2217,tuan ngoc,1
2218,tuấn sĩ,1
2219,tuan si,1
2220,tuấn sỹ,1
2221,tuan sy,1
2222,tuấn tài,1
2223,tuan tai,1
2224,tuấn thành,1
2225,tuan thanh,1
2226,tuấn trung,1
2227,tuan trung,1
2228,tuấn tú,1
2229,tuan tu,1
2230,tuấn việt,1
2231,tuan viet,1
2232,tùng anh,1
2233,tung anh,1
2234,tùng châu,1
2235,tung chau,1
2236,tùng lâm,1
2237,tung lam,1
2238,tùng linh,1
2239,tung linh,1
2240,tùng minh,1
2241,tung minh,1
2242,tùng quang,1
2243,tung quang,1
2244,tường anh,1
2245,tuong anh,1
2246,tường lâm,1
2247,tuong lam,1
2248,tường lân,1
2249,tuong lan,1
2250,tường lĩnh,1
2251,tuong linh,1
2252,tường minh,1
2253,tuong minh,1
2254,tường nguyên,1
2255,tuong nguyen,1
2256,tường phát,1
2257,tuong phat,1
2258,tường vinh,1
2259,tuong vinh,1
2260,tuyền lâm,1
2261,tuyen lam,1
2262,uy phong,1
2264,uy vũ,1
2265,uy vu,1
2266,vạn hạnh,1
2267,van hanh,1
2268,vạn lý,1
2269,van ly,1
2270,văn minh,1
2271,van minh,1
2272,vân sơn,1
2273,van son,1
2274,vạn thắng,1
2275,van thang,1
2276,vạn thông,1
2277,van thong,1
2278,văn tuyển,1
2279,van tuyen,1
2280,viễn cảnh,1
2281,vien canh,1
2282,viễn ðông,1
2283,vien dong,1
2284,viễn phương,1
2285,vien phuong,1
2286,viễn thông,1
2287,vien thong,1
2288,việt an,1
2289,viet an,1
2290,việt anh,1
2291,viet anh,1
2292,việt chính,1
2293,viet chinh,1
2294,việt cương,1
2295,viet cuong,1
2296,việt cường,1
2298,việt dũng,1
2299,viet dung,1
2300,việt dương,1
2301,viet duong,1
2302,việt duy,1
2303,viet duy,1
2304,việt hải,1
2305,viet hai,1
2306,việt hoàng,1
2307,viet hoang,1
2308,việt hồng,1
2309,viet hong,1
2310,việt hùng,1
2311,viet hung,1
2312,việt huy,1
2313,viet huy,1
2314,việt khải,1
2315,viet khai,1
2316,việt khang,1
2317,viet khang,1
2318,việt khoa,1
2319,viet khoa,1
2320,việt khôi,1
2321,viet khoi,1
2322,việt long,1
2323,viet long,1
2324,việt ngọc,1
2325,viet ngoc,1
2326,viết nhân,1
2327,viet nhan,1
2328,việt nhân,1
2330,việt phong,1
2331,viet phong,1
2332,việt phương,1
2333,viet phuong,1
2334,việt quốc,1
2335,viet quoc,1
2336,việt quyết,1
2337,viet quyet,1
2338,viết sơn,1
2339,viet son,1
2340,việt sơn,1
2342,viết tân,1
2343,viet tan,1
2344,việt thái,1
2345,viet thai,1
2346,việt thắng,1
2347,viet thang,1
2348,việt thanh,1
2349,viet thanh,1
2350,việt thông,1
2351,viet thong,1
2352,việt thương,1
2353,viet thuong,1
2354,việt tiến,1
2355,viet tien,1
2356,việt võ,1
2357,viet vo,1
2358,vĩnh ân,1
2359,vinh an,1
2360,vinh diệu,1
2361,vinh dieu,1
2362,vĩnh hải,1
2363,vinh hai,1
2364,vĩnh hưng,1
2365,vinh hung,1
2366,vĩnh long,1
2367,vinh long,1
2368,vĩnh luân,1
2369,vinh luan,1
2370,vinh quốc,1
2371,vinh quoc,1
2372,vĩnh thọ,1
2373,vinh tho,1
2374,vĩnh thụy,1
2375,vinh thuy,1
2376,vĩnh toàn,1
2377,vinh toan,1
2378,vũ anh,1
2379,vu anh,1
2380,vũ minh,1
2381,vu minh,1
2382,vương gia,1
2383,vuong gia,1
2384,vương triều,1
2385,vuong trieu,1
2386,vương triệu,1
2388,vương việt,1
2389,vuong viet,1
2390,xuân an,1
2391,xuan an,1
2392,xuân bình,1
2393,xuan binh,1
2394,xuân cao,1
2395,xuan cao,1
2396,xuân cung,1
2397,xuan cung,1
2398,xuân hàm,1
2399,xuan ham,1
2400,xuân hãn,1
2401,xuan han,1
2402,xuân hiếu,1
2403,xuan hieu,1
2404,xuân hòa,1
2405,xuan hoa,1
2406,xuân huy,1
2407,xuan huy,1
2408,xuân khoa,1
2409,xuan khoa,1
2410,xuân kiên,1
2411,xuan kien,1
2412,xuân lạc,1
2413,xuan lac,1
2414,xuân lộc,1
2415,xuan loc,1
2416,xuân minh,1
2417,xuan minh,1
2418,xuân nam,1
2419,xuan nam,1
2420,xuân ninh,1
2421,xuan ninh,1
2422,xuân phúc,1
2423,xuan phuc,1
2424,xuân quân,1
2425,xuan quan,1
2426,xuân quý,1
2427,xuan quy,1
2428,xuân sơn,1
2429,xuan son,1
2430,xuân thái,1
2431,xuan thai,1
2432,xuân thiện,1
2433,xuan thien,1
2434,xuân thuyết,1
2435,xuan thuyet,1
2436,xuân trung,1
2437,xuan trung,1
2438,xuân trường,1
2439,xuan truong,1
2440,xuân tường,1
2441,xuan tuong,1
2442,xuân vũ,1
2443,xuan vu,1
2444,yên bằng,1
2445,yen bang,1
2446,yên bình,1
2447,yen binh,1
2448,yên sơn,1
2449,yen son,1
2450,phương chi,0
2451,an bình,0
2452,an di,0
2453,an hạ,0
2454,an hằng,0
2455,an khê,0
2456,an nhiên,0
2457,an nhàn,0
2458,anh chi,0
2459,anh hương,0
2460,anh mai,0
2461,anh phương,0
2462,anh thi,0
2463,anh thy,0
2464,anh thơ,0
2465,anh thư,0
2466,anh thảo,0
2468,anh ðào,0
2469,ban mai,0
2472,bích chiêu,0
2473,bích châu,0
2474,bích duyên,0
2475,bích hiền,0
2476,bích huệ,0
2477,bích hà,0
2478,bích hạnh,0
2479,bích hải,0
2480,bích hảo,0
2481,bích hậu,0
2482,bích hằng,0
2483,bích hồng,0
2484,bích hợp,0
2485,bích lam,0
2486,bích liên,0
2487,bích loan,0
2488,bích nga,0
2489,bích ngà,0
2490,bích ngân,0
2491,bích ngọc,0
2492,bích như,0
2493,bích phượng,0
2494,bích quyên,0
2495,bích quân,0
2496,bích san,0
2497,bích thoa,0
2498,bích thu,0
2499,bích thảo,0
2500,bích thủy,0
2501,bích trang,0
2502,bích trâm,0
2503,bích ty,0
2504,bích vân,0
2505,bích ðiệp,0
2506,bích ðào,0
2507,băng băng,0
2508,băng tâm,0
2509,bạch cúc,0
2510,bạch hoa,0
2511,bạch kim,0
2512,bạch liên,0
2513,bạch loan,0
2514,bạch mai,0
2515,bạch quỳnh,0
2516,bạch trà,0
2517,bạch tuyết,0
2518,bạch vân,0
2519,bạch yến,0
2520,bảo anh,0
2521,bảo bình,0
2522,bảo châu,0
2523,bảo huệ,0
2524,bảo hà,0
2525,bảo hân,0
2526,bảo lan,0
2527,bảo lễ,0
2528,bảo ngọc,0
2529,bảo phương,0
2530,bảo quyên,0
2531,bảo quỳnh,0
2532,bảo thoa,0
2533,bảo thúy,0
2534,bảo tiên,0
2535,bảo trâm,0
2536,bảo trân,0
2537,bảo trúc,0
2538,bảo uyên,0
2539,bảo vy,0
2540,bảo vân,0
2541,bội linh,0
2542,cam thảo,0
2543,chi lan,0
2544,chi mai,0
2545,chiêu dương,0
2546,cát cát,0
2547,cát linh,0
2548,cát ly,0
2549,cát tiên,0
2551,cẩm hiền,0
2552,cẩm hường,0
2553,cẩm hạnh,0
2554,cẩm linh,0
2555,cẩm liên,0
2556,cẩm ly,0
2557,cẩm nhi,0
2558,cẩm nhung,0
2559,cẩm thúy,0
2560,cẩm tú,0
2561,cẩm vân,0
2562,cẩm yến,0
2563,di nhiên,0
2564,diên vỹ,0
2565,diễm chi,0
2566,diễm châu,0
2567,diễm hương,0
2568,diễm hạnh,0
2569,diễm hằng,0
2570,diễm khuê,0
2571,diễm kiều,0
2572,diễm liên,0
2573,diễm lộc,0
2574,diễm my,0
2575,diễm phúc,0
2576,diễm phương,0
2577,diễm phước,0
2578,diễm phượng,0
2579,diễm quyên,0
2580,diễm quỳnh,0
2581,diễm thúy,0
2582,diễm thư,0
2583,diễm thảo,0
2584,diễm trang,0
2585,diễm trinh,0
2586,diễm uyên,0
2587,diệp anh,0
2588,diệp vy,0
2589,diệu anh,0
2590,diệu hiền,0
2591,diệu hoa,0
2592,diệu huyền,0
2593,diệu hương,0
2594,diệu hạnh,0
2595,diệu hằng,0
2596,diệu hồng,0
2597,diệu lan,0
2598,diệu linh,0
2599,diệu loan,0
2600,diệu nga,0
2601,diệu ngà,0
2602,diệu ngọc,0
2603,diệu nương,0
2604,diệu thiện,0
2605,diệu thúy,0
2606,diệu vân,0
2607,diệu ái,0
2608,duy hạnh,0
2609,duy mỹ,0
2610,duy uyên,0
2611,duyên hồng,0
2612,duyên my,0
2613,duyên mỹ,0
2614,duyên nương,0
2615,dã lan,0
2616,dã lâm,0
2617,dã thảo,0
2618,dạ hương,0
2619,dạ lan,0
2620,dạ nguyệt,0
2621,dạ thi,0
2622,dạ thảo,0
2623,dạ yến,0
2624,gia hân,0
2626,gia linh,0
2627,gia nhi,0
2628,gia quỳnh,0
2629,giang thanh,0
2631,giao hưởng,0
2632,giao kiều,0
2633,giao linh,0
2634,giáng ngọc,0
2635,giáng tiên,0
2636,giáng uyên,0
2637,hiếu giang,0
2638,hiếu hạnh,0
2639,hiếu khanh,0
2640,hiếu minh,0
2641,hiền chung,0
2642,hiền hòa,0
2643,hiền mai,0
2644,hiền nhi,0
2645,hiền nương,0
2646,hiền thục,0
2648,hiểu vân,0
2649,hoa liên,0
2650,hoa lý,0
2651,hoa thiên,0
2652,hoa tiên,0
2653,hoa tranh,0
2654,hoài an,0
2655,hoài giang,0
2656,hoài hương,0
2657,hoài phương,0
2658,hoài thương,0
2659,hoài trang,0
2661,hoàn châu,0
2662,hoàn vi,0
2663,hoàng cúc,0
2664,hoàng hà,0
2665,hoàng kim,0
2666,hoàng lan,0
2667,hoàng mai,0
2668,hoàng miên,0
2669,hoàng nguyên,0
2670,hoàng oanh,0
2671,hoàng sa,0
2672,hoàng thư,0
2674,hoàng yến,0
2675,hoạ mi,0
2676,huyền anh,0
2677,huyền diệu,0
2678,huyền linh,0
2679,huyền ngọc,0
2680,huyền nhi,0
2681,huyền thoại,0
2682,huyền thư,0
2683,huyền trang,0
2684,huyền trâm,0
2685,huyền trân,0
2686,huệ an,0
2687,huệ hương,0
2688,huệ hồng,0
2689,huệ lan,0
2690,huệ linh,0
2691,huệ lâm,0
2692,huệ my,0
2693,huệ phương,0
2694,huệ thương,0
2695,huệ ân,0
2696,huỳnh anh,0
2697,hà giang,0
2698,hà liên,0
2699,hà mi,0
2700,hà my,0
2701,hà nhi,0
2702,hà phương,0
2703,hà thanh,0
2704,hà tiên,0
2705,hàm duyên,0
2706,hàm nghi,0
2707,hàm thơ,0
2708,hàm ý,0
2709,hương chi,0
2710,hương giang,0
2711,hương lan,0
2712,hương liên,0
2713,hương ly,0
2714,hương lâm,0
2715,hương mai,0
2716,hương nhi,0
2717,hương thu,0
2718,hương thảo,0
2719,hương thủy,0
2720,hương tiên,0
2721,hương trang,0
2722,hương trà,0
2723,hương xuân,0
2725,hạ băng,0
2726,hạ giang,0
2727,hạ phương,0
2728,hạ tiên,0
2729,hạ uyên,0
2730,hạ vy,0
2731,hạc cúc,0
2732,hạnh chi,0
2733,hạnh dung,0
2734,hạnh linh,0
2735,hạnh my,0
2736,hạnh nga,0
2737,hạnh nhơn,0
2738,hạnh phương,0
2739,hạnh san,0
2740,hạnh thảo,0
2741,hạnh trang,0
2742,hạnh vi,0
2743,hải anh,0
2744,hải châu,0
2745,hải duyên,0
2747,hải miên,0
2748,hải my,0
2749,hải mỹ,0
2750,hải ngân,0
2751,hải nhi,0
2752,hải phương,0
2753,hải phượng,0
2754,hải san,0
2755,hải sinh,0
2756,hải thanh,0
2757,hải thảo,0
2759,hải uyên,0
2760,hải vy,0
2761,hải vân,0
2762,hải yến,0
2763,hải ân,0
2764,hải ðường,0
2765,hảo nhi,0
2766,hằng anh,0
2767,hằng nga,0
2768,họa mi,0
2769,hồ diệp,0
2770,hồng anh,0
2771,hồng bạch thảo,0
2772,hồng châu,0
2773,hồng diễm,0
2775,hồng hoa,0
2776,hồng hà,0
2777,hồng hạnh,0
2778,hồng khanh,0
2779,hồng khuê,0
2780,hồng khôi,0
2781,hồng linh,0
2782,hồng liên,0
2783,hồng lâm,0
2784,hồng mai,0
2785,hồng nga,0
2786,hồng ngân,0
2787,hồng ngọc,0
2788,hồng nhung,0
2789,hồng như,0
2790,hồng nhạn,0
2791,hồng oanh,0
2792,hồng phúc,0
2793,hồng phương,0
2794,hồng quế,0
2795,hồng thu,0
2796,hồng thúy,0
2797,hồng thư,0
2798,hồng thảo,0
2799,hồng thắm,0
2800,hồng thủy,0
2801,hồng trúc,0
2802,hồng tâm,0
2803,hồng vân,0
2804,hồng xuân,0
2805,hồng ðiệp,0
2806,hồng ðào,0
2807,hồng đăng,0
2808,khiết linh,0
2809,khiết tâm,0
2810,khuê trung,0
2811,khánh chi,0
2813,khánh giao,0
2814,khánh huyền,0
2815,khánh hà,0
2816,khánh hằng,0
2817,khánh linh,0
2818,khánh ly,0
2819,khánh mai,0
2820,khánh my,0
2821,khánh ngân,0
2822,khánh ngọc,0
2823,khánh quyên,0
2824,khánh quỳnh,0
2825,khánh thủy,0
2826,khánh trang,0
2827,khánh vi,0
2828,khánh vy,0
2829,khánh vân,0
2830,khúc lan,0
2831,khả khanh,0
2832,khả tú,0
2833,khả ái,0
2835,khải hà,0
2837,kim anh,0
2838,kim chi,0
2839,kim cương,0
2840,kim dung,0
2841,kim duyên,0
2842,kim hoa,0
2843,kim hương,0
2844,kim khanh,0
2845,kim khuyên,0
2846,kim khánh,0
2847,kim lan,0
2848,kim liên,0
2849,kim loan,0
2850,kim ly,0
2851,kim mai,0
2852,kim ngân,0
2853,kim ngọc,0
2854,kim oanh,0
2855,kim phượng,0
2856,kim quyên,0
2857,kim sa,0
2858,kim thanh,0
2859,kim thoa,0
2860,kim thu,0
2861,kim thy,0
2863,kim thư,0
2864,kim thảo,0
2865,kim thủy,0
2866,kim trang,0
2867,kim tuyến,0
2868,kim tuyết,0
2869,kim tuyền,0
2870,kim xuyến,0
2871,kim xuân,0
2872,kim yến,0
2873,kim ánh,0
2874,kim đan,0
2875,kiết hồng,0
2876,kiết trinh,0
2877,kiều anh,0
2878,kiều diễm,0
2879,kiều dung,0
2880,kiều giang,0
2881,kiều hoa,0
2882,kiều hạnh,0
2883,kiều khanh,0
2884,kiều loan,0
2885,kiều mai,0
2886,kiều minh,0
2887,kiều mỹ,0
2888,kiều nga,0
2889,kiều nguyệt,0
2890,kiều nương,0
2891,kiều thu,0
2892,kiều trang,0
2893,kiều trinh,0
2894,kỳ anh,0
2895,kỳ diệu,0
2896,kỳ duyên,0
2898,lam hà,0
2899,lam khê,0
2900,lam ngọc,0
2901,lam tuyền,0
2902,lan anh,0
2903,lan chi,0
2904,lan hương,0
2905,lan khuê,0
2906,lan ngọc,0
2907,lan nhi,0
2908,lan phương,0
2909,lan thương,0
2910,lan trúc,0
2911,lan vy,0
2912,linh chi,0
2913,linh châu,0
2914,linh duyên,0
2915,linh giang,0
2916,linh hà,0
2917,linh lan,0
2918,linh nhi,0
2919,linh phương,0
2920,linh phượng,0
2921,linh san,0
2922,linh trang,0
2923,linh ðan,0
2924,liên chi,0
2925,liên hoa,0
2926,liên hương,0
2927,liên như,0
2928,liên phương,0
2929,liên trân,0
2930,liễu oanh,0
2931,loan châu,0
2932,ly châu,0
2933,lâm nhi,0
2934,lâm oanh,0
2935,lâm tuyền,0
2936,lâm uyên,0
2937,lê quỳnh,0
2938,lưu ly,0
2939,lệ băng,0
2940,lệ chi,0
2941,lệ giang,0
2942,lệ hoa,0
2943,lệ huyền,0
2944,lệ khanh,0
2945,lệ nga,0
2946,lệ nhi,0
2947,lệ quyên,0
2948,lệ quân,0
2949,lệ thanh,0
2950,lệ thu,0
2951,lệ thủy,0
2952,lộc uyên,0
2953,lộc uyển,0
2954,lục bình,0
2955,mai anh,0
2956,mai chi,0
2957,mai châu,0
2958,mai hiền,0
2959,mai hà,0
2960,mai hương,0
2961,mai hạ,0
2962,mai khanh,0
2963,mai khôi,0
2964,mai lan,0
2965,mai linh,0
2966,mai liên,0
2967,mai loan,0
2968,mai ly,0
2969,mai nhi,0
2970,mai phương,0
2971,mai quyên,0
2972,mai thanh,0
2973,mai thu,0
2974,mai thy,0
2975,mai thảo,0
2976,mai trinh,0
2977,mai tâm,0
2978,mai vy,0
2980,minh châu,0
2981,minh duyên,0
2982,minh hiền,0
2983,minh huyền,0
2984,minh huệ,0
2985,minh hà,0
2986,minh hương,0
2987,minh hạnh,0
2988,minh hằng,0
2989,minh hồng,0
2990,minh khai,0
2991,minh khuê,0
2992,minh loan,0
2993,minh minh,0
2994,minh nguyệt,0
2995,minh ngọc,0
2996,minh nhi,0
2997,minh như,0
2998,minh phương,0
2999,minh phượng,0
3000,minh thu,0
3001,minh thúy,0
3002,minh thư,0
3003,minh thương,0
3004,minh thảo,0
3005,minh thủy,0
3006,minh trang,0
3007,minh tuyết,0
3008,minh tuệ,0
3009,minh tâm,0
3010,minh uyên,0
3011,minh vy,0
3012,minh xuân,0
3013,minh yến,0
3014,minh đan,0
3015,mậu xuân,0
3016,mộc miên,0
3017,mộng hoa,0
3018,mộng hương,0
3019,mộng hằng,0
3020,mộng lan,0
3021,mộng liễu,0
3022,mộng nguyệt,0
3023,mộng nhi,0
3024,mộng quỳnh,0
3025,mộng thi,0
3026,mộng thu,0
3027,mộng tuyền,0
3028,mộng vi,0
3029,mộng vy,0
3030,mộng vân,0
3031,mộng ðiệp,0
3032,mỹ anh,0
3033,mỹ diễm,0
3034,mỹ dung,0
3035,mỹ duyên,0
3036,mỹ hiệp,0
3037,mỹ hoàn,0
3038,mỹ huyền,0
3039,mỹ huệ,0
3040,mỹ hường,0
3041,mỹ hạnh,0
3042,mỹ khuyên,0
3043,mỹ kiều,0
3044,mỹ lan,0
3045,mỹ loan,0
3046,mỹ lệ,0
3047,mỹ lợi,0
3048,mỹ nga,0
3049,mỹ ngọc,0
3050,mỹ nhi,0
3051,mỹ nhân,0
3052,mỹ nương,0
3053,mỹ phương,0
3054,mỹ phượng,0
3055,mỹ phụng,0
3056,mỹ thuần,0
3057,mỹ thuận,0
3058,mỹ trang,0
3059,mỹ trâm,0
3060,mỹ tâm,0
3061,mỹ uyên,0
3062,mỹ vân,0
3063,mỹ xuân,0
3064,mỹ yến,0
3065,nghi dung,0
3066,nghi minh,0
3067,nghi xuân,0
3068,nguyên hồng,0
3069,nguyên thảo,0
3070,nguyết ánh,0
3071,nguyệt anh,0
3072,nguyệt cát,0
3073,nguyệt cầm,0
3074,nguyệt hà,0
3075,nguyệt hồng,0
3076,nguyệt lan,0
3077,nguyệt minh,0
3078,nguyệt nga,0
3079,nguyệt quế,0
3080,nguyệt uyển,0
3081,nguyệt ánh,0
3082,ngân anh,0
3083,ngân hà,0
3084,ngân thanh,0
3085,ngân trúc,0
3086,ngọc anh,0
3087,ngọc bích,0
3088,ngọc cầm,0
3089,ngọc diệp,0
3090,ngọc dung,0
3091,ngọc hiền,0
3092,ngọc hoa,0
3093,ngọc hoan,0
3094,ngọc hoàn,0
3095,ngọc huyền,0
3096,ngọc huệ,0
3097,ngọc hà,0
3098,ngọc hân,0
3099,ngọc hạ,0
3100,ngọc hạnh,0
3101,ngọc hằng,0
3102,ngọc khanh,0
3103,ngọc khuê,0
3104,ngọc khánh,0
3105,ngọc lam,0
3106,ngọc lan,0
3107,ngọc linh,0
3108,ngọc liên,0
3109,ngọc loan,0
3110,ngọc ly,0
3111,ngọc lâm,0
3112,ngọc lý,0
3113,ngọc lệ,0
3114,ngọc mai,0
3115,ngọc nhi,0
3116,ngọc nữ,0
3117,ngọc oanh,0
3118,ngọc phụng,0
3119,ngọc quyên,0
3120,ngọc quế,0
3121,ngọc quỳnh,0
3122,ngọc san,0
3123,ngọc sương,0
3124,ngọc thi,0
3125,ngọc thy,0
3126,ngọc thơ,0
3127,ngọc trinh,0
3128,ngọc trâm,0
3129,ngọc tuyết,0
3130,ngọc tâm,0
3131,ngọc tú,0
3132,ngọc uyên,0
3133,ngọc uyển,0
3134,ngọc vy,0
3135,ngọc vân,0
3136,ngọc yến,0
3137,ngọc ái,0
3138,ngọc ánh,0
3139,ngọc ðiệp,0
3140,ngọc ðàn,0
3141,ngọc ðào,0
3142,nhan hồng,0
3143,nhã hương,0
3144,nhã hồng,0
3145,nhã khanh,0
3146,nhã lý,0
3147,nhã mai,0
3148,nhã sương,0
3149,nhã thanh,0
3150,nhã trang,0
3151,nhã trúc,0
3152,nhã uyên,0
3153,nhã yến,0
3154,nhã ý,0
3155,như anh,0
3156,như bảo,0
3157,như hoa,0
3158,như hảo,0
3159,như hồng,0
3160,như loan,0
3161,như mai,0
3162,như ngà,0
3163,như ngọc,0
3164,như phương,0
3165,như quân,0
3166,như quỳnh,0
3167,như thảo,0
3168,như trân,0
3169,như tâm,0
3170,như ý,0
3171,nhất thương,0
3172,nhật dạ,0
3173,nhật hà,0
3174,nhật hạ,0
3175,nhật lan,0
3176,nhật linh,0
3177,nhật lệ,0
3178,nhật mai,0
3179,nhật phương,0
3180,nhật ánh,0
3181,oanh thơ,0
3182,oanh vũ,0
3183,phi khanh,0
3184,phi nhung,0
3186,phi phi,0
3187,phi phượng,0
3188,phong lan,0
3189,phương an,0
3190,phương anh,0
3192,phương châu,0
3193,phương diễm,0
3194,phương dung,0
3195,phương giang,0
3196,phương hiền,0
3197,phương hoa,0
3198,phương hạnh,0
3199,phương lan,0
3200,phương linh,0
3201,phương liên,0
3202,phương loan,0
3203,phương mai,0
3204,phương nghi,0
3205,phương ngọc,0
3206,phương nhi,0
3207,phương nhung,0
3208,phương phương,0
3209,phương quyên,0
3210,phương quân,0
3211,phương quế,0
3212,phương quỳnh,0
3213,phương thanh,0
3214,phương thi,0
3215,phương thùy,0
3216,phương thảo,0
3217,phương thủy,0
3218,phương trang,0
3219,phương trinh,0
3220,phương trà,0
3221,phương trâm,0
3222,phương tâm,0
3223,phương uyên,0
3224,phương yến,0
3225,phước bình,0
3226,phước huệ,0
3227,phượng bích,0
3228,phượng liên,0
3229,phượng loan,0
3230,phượng lệ,0
3231,phượng nga,0
3232,phượng nhi,0
3233,phượng tiên,0
3234,phượng uyên,0
3235,phượng vy,0
3236,phượng vũ,0
3237,phụng yến,0
3238,quế anh,0
3239,quế chi,0
3240,quế linh,0
3241,quế lâm,0
3242,quế phương,0
3243,quế thu,0
3244,quỳnh anh,0
3245,quỳnh chi,0
3246,quỳnh dao,0
3247,quỳnh dung,0
3248,quỳnh giang,0
3249,quỳnh giao,0
3250,quỳnh hoa,0
3251,quỳnh hà,0
3252,quỳnh hương,0
3253,quỳnh lam,0
3254,quỳnh liên,0
3255,quỳnh lâm,0
3256,quỳnh nga,0
3257,quỳnh ngân,0
3258,quỳnh nhi,0
3259,quỳnh nhung,0
3260,quỳnh như,0
3261,quỳnh phương,0
3262,quỳnh sa,0
3263,quỳnh thanh,0
3264,quỳnh thơ,0
3265,quỳnh tiên,0
3266,quỳnh trang,0
3267,quỳnh trâm,0
3268,quỳnh vân,0
3269,sao băng,0
3270,sao mai,0
3271,song kê,0
3273,song oanh,0
3274,song thư,0
3275,sông hà,0
3276,sông hương,0
3277,sơn ca,0
3278,sơn tuyền,0
3279,sương sương,0
3280,thanh bình,0
3281,thanh dân,0
3282,thanh giang,0
3283,thanh hiếu,0
3284,thanh hiền,0
3286,thanh huyền,0
3287,thanh hà,0
3288,thanh hương,0
3289,thanh hường,0
3290,thanh hạnh,0
3291,thanh hảo,0
3292,thanh hằng,0
3293,thanh hồng,0
3294,thanh kiều,0
3295,thanh lam,0
3296,thanh lan,0
3297,thanh loan,0
3298,thanh lâm,0
3299,thanh mai,0
3300,thanh mẫn,0
3301,thanh nga,0
3302,thanh nguyên,0
3303,thanh ngân,0
3304,thanh ngọc,0
3305,thanh nhung,0
3306,thanh nhàn,0
3307,thanh nhã,0
3308,thanh phương,0
3309,thanh thanh,0
3311,thanh thu,0
3312,thanh thúy,0
3313,thanh thư,0
3314,thanh thảo,0
3315,thanh thủy,0
3316,thanh trang,0
3317,thanh trúc,0
3318,thanh tuyết,0
3319,thanh tuyền,0
3320,thanh tâm,0
3321,thanh uyên,0
3322,thanh vy,0
3323,thanh vân,0
3324,thanh xuân,0
3325,thanh yến,0
3326,thanh đan,0
3327,thi cầm,0
3328,thi ngôn,0
3329,thi thi,0
3330,thi xuân,0
3331,thi yến,0
3332,thiên di,0
3333,thiên duyên,0
3334,thiên giang,0
3335,thiên hà,0
3336,thiên hương,0
3337,thiên khánh,0
3338,thiên kim,0
3339,thiên lam,0
3340,thiên lan,0
3341,thiên mai,0
3342,thiên mỹ,0
3343,thiên nga,0
3344,thiên nương,0
3345,thiên phương,0
3346,thiên thanh,0
3347,thiên thêu,0
3348,thiên thư,0
3349,thiên thảo,0
3350,thiên trang,0
3351,thiên tuyền,0
3352,thiếu mai,0
3353,thiều ly,0
3354,thiện mỹ,0
3355,thiện tiên,0
3356,thu duyên,0
3357,thu giang,0
3358,thu hiền,0
3359,thu hoài,0
3360,thu huyền,0
3361,thu huệ,0
3362,thu hà,0
3363,thu hậu,0
3364,thu hằng,0
3365,thu hồng,0
3366,thu linh,0
3367,thu liên,0
3368,thu loan,0
3369,thu mai,0
3370,thu minh,0
3371,thu nga,0
3372,thu nguyệt,0
3373,thu ngà,0
3374,thu ngân,0
3375,thu ngọc,0
3376,thu nhiên,0
3377,thu oanh,0
3378,thu phong,0
3379,thu phương,0
3380,thu phượng,0
3381,thu sương,0
3382,thu thuận,0
3383,thu thảo,0
3384,thu thủy,0
3385,thu trang,0
3386,thu việt,0
3387,thu vân,0
3388,thu vọng,0
3389,thu yến,0
3390,thuần hậu,0
3391,thy khanh,0
3392,thy oanh,0
3393,thy trúc,0
3394,thy vân,0
3395,thái chi,0
3396,thái hà,0
3397,thái hồng,0
3398,thái lan,0
3399,thái lâm,0
3400,thái thanh,0
3401,thái thảo,0
3402,thái tâm,0
3403,thái vân,0
3404,thùy anh,0
3405,thùy dung,0
3406,thùy dương,0
3407,thùy giang,0
3408,thùy linh,0
3409,thùy mi,0
3410,thùy my,0
3411,thùy nhi,0
3412,thùy như,0
3413,thùy oanh,0
3414,thùy uyên,0
3415,thùy vân,0
3416,thúy anh,0
3417,thúy diễm,0
3418,thúy hiền,0
3419,thúy huyền,0
3420,thúy hà,0
3421,thúy hương,0
3422,thúy hường,0
3423,thúy hạnh,0
3424,thúy hằng,0
3425,thúy kiều,0
3426,thúy liên,0
3427,thúy liễu,0
3428,thúy loan,0
3429,thúy mai,0
3430,thúy minh,0
3431,thúy my,0
3432,thúy nga,0
3433,thúy ngà,0
3434,thúy ngân,0
3435,thúy ngọc,0
3436,thúy phượng,0
3437,thúy quỳnh,0
3438,thúy vi,0
3439,thúy vy,0
3440,thúy vân,0
3441,thơ thơ,0
3442,thư lâm,0
3443,thư sương,0
3444,thương huyền,0
3445,thương nga,0
3446,thương thương,0
3448,thạch thảo,0
3449,thảo hương,0
3450,thảo hồng,0
3451,thảo linh,0
3452,thảo ly,0
3453,thảo mai,0
3454,thảo my,0
3455,thảo nghi,0
3456,thảo nguyên,0
3457,thảo nhi,0
3458,thảo quyên,0
3459,thảo tiên,0
3460,thảo trang,0
3461,thảo uyên,0
3462,thảo vy,0
3463,thảo vân,0
3464,thục anh,0
3465,thục khuê,0
3466,thục nhi,0
3467,thục oanh,0
3468,thục quyên,0
3469,thục trang,0
3470,thục trinh,0
3471,thục tâm,0
3472,thục uyên,0
3473,thục vân,0
3474,thục ðoan,0
3475,thục ðào,0
3476,thục ðình,0
3478,thụy khanh,0
3479,thụy linh,0
3480,thụy lâm,0
3482,thụy nương,0
3483,thụy trinh,0
3484,thụy trâm,0
3485,thụy uyên,0
3486,thụy vân,0
3487,thụy ðào,0
3488,thủy hằng,0
3489,thủy hồng,0
3490,thủy linh,0
3491,thủy minh,0
3492,thủy nguyệt,0
3493,thủy quỳnh,0
3494,thủy tiên,0
3495,thủy trang,0
3496,thủy tâm,0
3497,tinh tú,0
3498,tiên phương,0
3499,tiểu mi,0
3500,tiểu my,0
3501,tiểu quỳnh,0
3502,trang anh,0
3503,trang linh,0
3504,trang nhã,0
3505,trang tâm,0
3506,trang ðài,0
3507,triều nguyệt,0
3508,triều thanh,0
3509,triệu mẫn,0
3511,trà giang,0
3512,trà my,0
3513,trâm anh,0
3514,trâm oanh,0
3515,trân châu,0
3516,trúc chi,0
3517,trúc lam,0
3518,trúc lan,0
3519,trúc linh,0
3520,trúc liên,0
3521,trúc loan,0
3522,trúc ly,0
3523,trúc lâm,0
3524,trúc mai,0
3525,trúc phương,0
3526,trúc quân,0
3527,trúc quỳnh,0
3528,trúc vy,0
3529,trúc vân,0
3530,trúc ðào,0
3531,trúc đào,0
3532,trầm hương,0
3533,tuyết anh,0
3534,tuyết băng,0
3535,tuyết chi,0
3536,tuyết hoa,0
3537,tuyết hân,0
3538,tuyết hương,0
3539,tuyết hồng,0
3540,tuyết lan,0
3541,tuyết loan,0
3542,tuyết lâm,0
3543,tuyết mai,0
3544,tuyết nga,0
3545,tuyết nhi,0
3546,tuyết nhung,0
3547,tuyết oanh,0
3548,tuyết thanh,0
3549,tuyết trinh,0
3550,tuyết trầm,0
3551,tuyết tâm,0
3552,tuyết vy,0
3553,tuyết vân,0
3554,tuyết xuân,0
3556,tuệ lâm,0
3557,tuệ mẫn,0
3558,tuệ nhi,0
3559,tâm hiền,0
3560,tâm hạnh,0
3561,tâm hằng,0
3562,tâm khanh,0
3563,tâm linh,0
3564,tâm nguyên,0
3565,tâm nguyệt,0
3566,tâm nhi,0
3567,tâm như,0
3568,tâm thanh,0
3569,tâm trang,0
3570,tâm ðoan,0
3571,tâm đan,0
3574,tùng quân,0
3575,tùy anh,0
3576,tùy linh,0
3577,tú anh,0
3578,tú ly,0
3579,tú nguyệt,0
3580,tú quyên,0
3581,tú quỳnh,0
3582,tú sương,0
3583,tú trinh,0
3584,tú tâm,0
3585,tú uyên,0
3586,túy loan,0
3587,tường chinh,0
3588,tường vi,0
3589,tường vy,0
3590,tường vân,0
3591,tịnh lâm,0
3592,tịnh nhi,0
3593,tịnh như,0
3594,tịnh tâm,0
3595,tịnh yên,0
3596,tố loan,0
3597,tố nga,0
3598,tố nhi,0
3599,tố quyên,0
3600,tố tâm,0
3601,tố uyên,0
3602,từ dung,0
3603,từ ân,0
3604,uyên minh,0
3605,uyên my,0
3606,uyên nhi,0
3607,uyên phương,0
3608,uyên thi,0
3609,uyên thy,0
3610,uyên thơ,0
3611,uyên trâm,0
3612,uyên vi,0
3613,uyển khanh,0
3614,uyển my,0
3615,uyển nghi,0
3616,uyển nhi,0
3617,uyển nhã,0
3618,uyển như,0
3619,vi quyên,0
3621,việt hà,0
3622,việt hương,0
3623,việt khuê,0
3624,việt mi,0
3625,việt nga,0
3626,việt nhi,0
3627,việt thi,0
3628,việt trinh,0
3629,việt tuyết,0
3630,việt yến,0
3631,vy lam,0
3632,vy lan,0
3633,vàng anh,0
3634,vành khuyên,0
3635,vân anh,0
3636,vân chi,0
3637,vân du,0
3638,vân hà,0
3639,vân hương,0
3640,vân khanh,0
3641,vân khánh,0
3642,vân linh,0
3643,vân ngọc,0
3644,vân nhi,0
3645,vân phi,0
3646,vân phương,0
3647,vân quyên,0
3648,vân quỳnh,0
3649,vân thanh,0
3650,vân thúy,0
3651,vân thường,0
3652,vân tiên,0
3653,vân trang,0
3654,vân trinh,0
3655,vũ hồng,0
3656,xuyến chi,0
3657,xuân bảo,0
3658,xuân dung,0
3659,xuân hiền,0
3660,xuân hoa,0
3661,xuân hân,0
3662,xuân hương,0
3663,xuân hạnh,0
3664,xuân lan,0
3665,xuân linh,0
3666,xuân liễu,0
3667,xuân loan,0
3668,xuân lâm,0
3669,xuân mai,0
3670,xuân nghi,0
3671,xuân ngọc,0
3672,xuân nhi,0
3673,xuân nhiên,0
3674,xuân nương,0
3675,xuân phương,0
3676,xuân phượng,0
3677,xuân thanh,0
3678,xuân thu,0
3679,xuân thảo,0
3680,xuân thủy,0
3681,xuân trang,0
3682,xuân tâm,0
3683,xuân uyên,0
3684,xuân vân,0
3685,xuân yến,0
3686,xuân xanh,0
3688,yên mai,0
3689,yên nhi,0
3690,yên ðan,0
3691,yên đan,0
3692,yến anh,0
3693,yến hồng,0
3694,yến loan,0
3695,yến mai,0
3696,yến my,0
3697,yến nhi,0
3698,yến oanh,0
3699,yến phương,0
3700,yến phượng,0
3701,yến thanh,0
3702,yến thảo,0
3703,yến trang,0
3704,yến trinh,0
3705,yến trâm,0
3706,yến ðan,0
3707,ái hồng,0
3708,ái khanh,0
3709,ái linh,0
3710,ái nhi,0
3711,ái nhân,0
3712,ái thi,0
3713,ái thy,0
3714,ái vân,0
3715,ánh dương,0
3716,ánh hoa,0
3717,ánh hồng,0
3718,ánh linh,0
3719,ánh lệ,0
3720,ánh mai,0
3721,ánh nguyệt,0
3722,ánh ngọc,0
3723,ánh thơ,0
3724,ánh trang,0
3725,ánh tuyết,0
3726,ánh xuân,0
3727,ðan khanh,0
3728,ðan quỳnh,0
3729,ðan thu,0
3730,ðinh hương,0
3731,ðoan thanh,0
3732,ðoan trang,0
3733,ðài trang,0
3734,ðông nghi,0
3735,ðông nhi,0
3736,ðông trà,0
3737,ðông tuyền,0
3738,ðông vy,0
3739,ðông ðào,0
3740,ðồng dao,0
3741,ý bình,0
3742,ý lan,0
3743,ý nhi,0
3744,đan linh,0
3745,đan quỳnh,0
3746,đan thanh,0
3747,đan thu,0
3748,đan thư,0
3749,đan tâm,0
3750,đinh hương,0
3751,đoan thanh,0
3752,đoan trang,0
3753,đài trang,0
3754,đông nghi,0
3755,đông trà,0
3756,đông tuyền,0
3757,đông vy,0
3758,đơn thuần,0
3759,đức hạnh,0
3760,ấu lăng,0
3761,phuong chi,0
3762,an binh,0
3764,an ha,0
3765,an hang,0
3766,an khe,0
3767,an nhien,0
3768,an nhan,0
3770,anh huong,0
3772,anh phuong,0
3775,anh tho,0
3776,anh thu,0
3777,anh thao,0
3779,anh ðao,0
3783,bich chieu,0
3784,bich chau,0
3785,bich duyen,0
3786,bich hien,0
3787,bich hue,0
3788,bich ha,0
3789,bich hanh,0
3790,bich hai,0
3791,bich hao,0
3792,bich hau,0
3793,bich hang,0
3794,bich hong,0
3795,bich hop,0
3796,bich lam,0
3797,bich lien,0
3798,bich loan,0
3799,bich nga,0
3801,bich ngan,0
3802,bich ngoc,0
3803,bich nhu,0
3804,bich phuong,0
3805,bich quyen,0
3806,bich quan,0
3807,bich san,0
3808,bich thoa,0
3809,bich thu,0
3810,bich thao,0
3811,bich thuy,0
3812,bich trang,0
3813,bich tram,0
3814,bich ty,0
3815,bich van,0
3816,bich ðiep,0
3817,bich ðao,0
3818,bang bang,0
3819,bang tam,0
3820,bach cuc,0
3821,bach hoa,0
3822,bach kim,0
3823,bach lien,0
3824,bach loan,0
3825,bach mai,0
3826,bach quynh,0
3827,bach tra,0
3828,bach tuyet,0
3829,bach van,0
3830,bach yen,0
3831,bao anh,0
3832,bao binh,0
3833,bao chau,0
3834,bao hue,0
3835,bao ha,0
3836,bao han,0
3837,bao lan,0
3838,bao le,0
3839,bao ngoc,0
3840,bao phuong,0
3841,bao quyen,0
3842,bao quynh,0
3843,bao thoa,0
3844,bao thuy,0
3845,bao tien,0
3846,bao tram,0
3847,bao tran,0
3848,bao truc,0
3849,bao uyen,0
3850,bao vy,0
3851,bao van,0
3852,boi linh,0
3853,cam thao,0
3856,chieu duong,0
3857,cat cat,0
3858,cat linh,0
3859,cat ly,0
3860,cat tien,0
3862,cam hien,0
3863,cam huong,0
3864,cam hanh,0
3865,cam linh,0
3866,cam lien,0
3867,cam ly,0
3868,cam nhi,0
3869,cam nhung,0
3870,cam thuy,0
3871,cam tu,0
3872,cam van,0
3873,cam yen,0
3874,di nhien,0
3875,dien vy,0
3876,diem chi,0
3877,diem chau,0
3878,diem huong,0
3879,diem hanh,0
3880,diem hang,0
3881,diem khue,0
3882,diem kieu,0
3883,diem lien,0
3884,diem loc,0
3885,diem my,0
3886,diem phuc,0
3887,diem phuong,0
3888,diem phuoc,0
3890,diem quyen,0
3891,diem quynh,0
3892,diem thuy,0
3893,diem thu,0
3894,diem thao,0
3895,diem trang,0
3896,diem trinh,0
3897,diem uyen,0
3898,diep anh,0
3899,diep vy,0
3900,dieu anh,0
3901,dieu hien,0
3902,dieu hoa,0
3903,dieu huyen,0
3904,dieu huong,0
3905,dieu hanh,0
3906,dieu hang,0
3907,dieu hong,0
3908,dieu lan,0
3909,dieu linh,0
3910,dieu loan,0
3911,dieu nga,0
3913,dieu ngoc,0
3914,dieu nuong,0
3915,dieu thien,0
3916,dieu thuy,0
3917,dieu van,0
3918,dieu ai,0
3919,duy hanh,0
3920,duy my,0
3921,duy uyen,0
3922,duyen hong,0
3923,duyen my,0
3925,duyen nuong,0
3926,da lan,0
3927,da lam,0
3928,da thao,0
3929,da huong,0
3931,da nguyet,0
3932,da thi,0
3934,da yen,0
3935,gia han,0
3939,gia quynh,0
3942,giao huong,0
3943,giao kieu,0
3945,giang ngoc,0
3946,giang tien,0
3947,giang uyen,0
3948,hieu giang,0
3949,hieu hanh,0
3950,hieu khanh,0
3951,hieu minh,0
3952,hien chung,0
3953,hien hoa,0
3954,hien mai,0
3955,hien nhi,0
3956,hien nuong,0
3957,hien thuc,0
3959,hieu van,0
3960,hoa lien,0
3961,hoa ly,0
3962,hoa thien,0
3963,hoa tien,0
3965,hoai an,0
3966,hoai giang,0
3967,hoai huong,0
3968,hoai phuong,0
3969,hoai thuong,0
3970,hoai trang,0
3972,hoan chau,0
3973,hoan vi,0
3974,hoang cuc,0
3975,hoang ha,0
3976,hoang kim,0
3977,hoang lan,0
3978,hoang mai,0
3979,hoang mien,0
3980,hoang nguyen,0
3981,hoang oanh,0
3982,hoang sa,0
3983,hoang thu,0
3985,hoang yen,0
3986,hoa mi,0
3987,huyen anh,0
3988,huyen dieu,0
3989,huyen linh,0
3990,huyen ngoc,0
3991,huyen nhi,0
3992,huyen thoai,0
3993,huyen thu,0
3994,huyen trang,0
3995,huyen tram,0
3996,huyen tran,0
3997,hue an,0
3998,hue huong,0
3999,hue hong,0
4000,hue lan,0
4001,hue linh,0
4002,hue lam,0
4003,hue my,0
4004,hue phuong,0
4005,hue thuong,0
4007,huynh anh,0
4008,ha giang,0
4009,ha lien,0
4010,ha mi,0
4011,ha my,0
4012,ha nhi,0
4013,ha phuong,0
4014,ha thanh,0
4015,ha tien,0
4016,ham duyen,0
4017,ham nghi,0
4018,ham tho,0
4019,ham y,0
4020,huong chi,0
4021,huong giang,0
4022,huong lan,0
4023,huong lien,0
4024,huong ly,0
4025,huong lam,0
4026,huong mai,0
4027,huong nhi,0
4028,huong thu,0
4029,huong thao,0
4030,huong thuy,0
4032,huong trang,0
4033,huong tra,0
4034,huong xuan,0
4036,ha bang,0
4040,ha uyen,0
4041,ha vy,0
4042,hac cuc,0
4043,hanh chi,0
4044,hanh dung,0
4045,hanh linh,0
4046,hanh my,0
4047,hanh nga,0
4048,hanh nhon,0
4049,hanh phuong,0
4050,hanh san,0
4051,hanh thao,0
4052,hanh trang,0
4053,hanh vi,0
4054,hai anh,0
4055,hai chau,0
4056,hai duyen,0
4058,hai mien,0
4059,hai my,0
4061,hai ngan,0
4062,hai nhi,0
4063,hai phuong,0
4065,hai san,0
4066,hai sinh,0
4067,hai thanh,0
4068,hai thao,0
4070,hai uyen,0
4071,hai vy,0
4072,hai van,0
4073,hai yen,0
4074,hai an,0
4075,hai ðuong,0
4076,hao nhi,0
4077,hang anh,0
4078,hang nga,0
4080,ho diep,0
4081,hong anh,0
4082,hong bach thao,0
4083,hong chau,0
4084,hong diem,0
4086,hong hoa,0
4087,hong ha,0
4088,hong hanh,0
4089,hong khanh,0
4090,hong khue,0
4091,hong khoi,0
4093,hong lien,0
4094,hong lam,0
4095,hong mai,0
4096,hong nga,0
4097,hong ngan,0
4098,hong ngoc,0
4099,hong nhung,0
4100,hong nhu,0
4101,hong nhan,0
4102,hong oanh,0
4103,hong phuc,0
4104,hong phuong,0
4105,hong que,0
4106,hong thu,0
4109,hong thao,0
4110,hong tham,0
4112,hong truc,0
4113,hong tam,0
4114,hong van,0
4115,hong xuan,0
4116,hong ðiep,0
4117,hong ðao,0
4119,khiet linh,0
4120,khiet tam,0
4121,khue trung,0
4122,khanh chi,0
4124,khanh giao,0
4125,khanh huyen,0
4126,khanh ha,0
4127,khanh hang,0
4128,khanh linh,0
4129,khanh ly,0
4130,khanh mai,0
4131,khanh my,0
4132,khanh ngan,0
4133,khanh ngoc,0
4134,khanh quyen,0
4135,khanh quynh,0
4136,khanh thuy,0
4137,khanh trang,0
4138,khanh vi,0
4139,khanh vy,0
4141,khuc lan,0
4142,kha khanh,0
4143,kha tu,0
4144,kha ai,0
4146,khai ha,0
4150,kim cuong,0
4152,kim duyen,0
4154,kim huong,0
4156,kim khuyen,0
4159,kim lien,0
4163,kim ngan,0
4164,kim ngoc,0
4166,kim phuong,0
4167,kim quyen,0
4175,kim thao,0
4176,kim thuy,0
4178,kim tuyen,0
4179,kim tuyet,0
4181,kim xuyen,0
4182,kim xuan,0
4183,kim yen,0
4186,kiet hong,0
4187,kiet trinh,0
4188,kieu anh,0
4189,kieu diem,0
4190,kieu dung,0
4191,kieu giang,0
4192,kieu hoa,0
4193,kieu hanh,0
4194,kieu khanh,0
4195,kieu loan,0
4196,kieu mai,0
4197,kieu minh,0
4198,kieu my,0
4199,kieu nga,0
4200,kieu nguyet,0
4201,kieu nuong,0
4202,kieu thu,0
4203,kieu trang,0
4204,kieu trinh,0
4205,ky anh,0
4206,ky dieu,0
4207,ky duyen,0
4209,lam ha,0
4210,lam khe,0
4211,lam ngoc,0
4212,lam tuyen,0
4215,lan huong,0
4216,lan khue,0
4217,lan ngoc,0
4219,lan phuong,0
4220,lan thuong,0
4221,lan truc,0
4224,linh chau,0
4225,linh duyen,0
4227,linh ha,0
4230,linh phuong,0
4235,lien chi,0
4236,lien hoa,0
4237,lien huong,0
4238,lien nhu,0
4239,lien phuong,0
4240,lien tran,0
4241,lieu oanh,0
4242,loan chau,0
4243,ly chau,0
4244,lam nhi,0
4245,lam oanh,0
4247,lam uyen,0
4248,le quynh,0
4249,luu ly,0
4250,le bang,0
4251,le chi,0
4252,le giang,0
4253,le hoa,0
4254,le huyen,0
4255,le khanh,0
4256,le nga,0
4257,le nhi,0
4258,le quyen,0
4259,le quan,0
4260,le thanh,0
4261,le thu,0
4262,le thuy,0
4263,loc uyen,0
4265,luc binh,0
4268,mai chau,0
4269,mai hien,0
4270,mai ha,0
4271,mai huong,0
4274,mai khoi,0
4277,mai lien,0
4281,mai phuong,0
4282,mai quyen,0
4286,mai thao,0
4288,mai tam,0
4291,minh chau,0
4292,minh duyen,0
4294,minh huyen,0
4295,minh hue,0
4296,minh ha,0
4297,minh huong,0
4298,minh hanh,0
4299,minh hang,0
4300,minh hong,0
4302,minh khue,0
4305,minh nguyet,0
4306,minh ngoc,0
4309,minh phuong,0
4312,minh thuy,0
4314,minh thuong,0
4315,minh thao,0
4318,minh tuyet,0
4319,minh tue,0
4320,minh tam,0
4321,minh uyen,0
4323,minh xuan,0
4324,minh yen,0
4326,mau xuan,0
4327,moc mien,0
4328,mong hoa,0
4329,mong huong,0
4330,mong hang,0
4331,mong lan,0
4332,mong lieu,0
4333,mong nguyet,0
4334,mong nhi,0
4335,mong quynh,0
4336,mong thi,0
4337,mong thu,0
4338,mong tuyen,0
4339,mong vi,0
4340,mong vy,0
4341,mong van,0
4342,mong ðiep,0
4343,my anh,0
4344,my diem,0
4345,my dung,0
4346,my duyen,0
4347,my hiep,0
4348,my hoan,0
4349,my huyen,0
4350,my hue,0
4351,my huong,0
4352,my hanh,0
4353,my khuyen,0
4354,my kieu,0
4355,my lan,0
4356,my loan,0
4357,my le,0
4358,my loi,0
4359,my nga,0
4360,my ngoc,0
4361,my nhi,0
4362,my nhan,0
4363,my nuong,0
4364,my phuong,0
4366,my phung,0
4367,my thuan,0
4369,my trang,0
4370,my tram,0
4371,my tam,0
4372,my uyen,0
4373,my van,0
4374,my xuan,0
4375,my yen,0
4378,nghi xuan,0
4379,nguyen hong,0
4380,nguyen thao,0
4381,nguyet anh,0
4383,nguyet cat,0
4384,nguyet cam,0
4385,nguyet ha,0
4386,nguyet hong,0
4387,nguyet lan,0
4388,nguyet minh,0
4389,nguyet nga,0
4390,nguyet que,0
4391,nguyet uyen,0
4393,ngan anh,0
4394,ngan ha,0
4395,ngan thanh,0
4396,ngan truc,0
4397,ngoc anh,0
4398,ngoc bich,0
4399,ngoc cam,0
4400,ngoc diep,0
4403,ngoc hoa,0
4404,ngoc hoan,0
4406,ngoc huyen,0
4407,ngoc hue,0
4408,ngoc ha,0
4409,ngoc han,0
4411,ngoc hanh,0
4412,ngoc hang,0
4413,ngoc khanh,0
4414,ngoc khue,0
4416,ngoc lam,0
4418,ngoc linh,0
4419,ngoc lien,0
4420,ngoc loan,0
4421,ngoc ly,0
4424,ngoc le,0
4425,ngoc mai,0
4426,ngoc nhi,0
4427,ngoc nu,0
4428,ngoc oanh,0
4429,ngoc phung,0
4430,ngoc quyen,0
4431,ngoc que,0
4432,ngoc quynh,0
4433,ngoc san,0
4434,ngoc suong,0
4435,ngoc thi,0
4436,ngoc thy,0
4438,ngoc trinh,0
4439,ngoc tram,0
4440,ngoc tuyet,0
4441,ngoc tam,0
4442,ngoc tu,0
4443,ngoc uyen,0
4445,ngoc vy,0
4446,ngoc van,0
4447,ngoc yen,0
4448,ngoc ai,0
4450,ngoc ðiep,0
4451,ngoc ðan,0
4452,ngoc ðao,0
4453,nhan hong,0
4454,nha huong,0
4455,nha hong,0
4456,nha khanh,0
4457,nha ly,0
4458,nha mai,0
4459,nha suong,0
4460,nha thanh,0
4461,nha trang,0
4462,nha truc,0
4463,nha uyen,0
4464,nha yen,0
4465,nha y,0
4466,nhu anh,0
4467,nhu bao,0
4468,nhu hoa,0
4469,nhu hao,0
4470,nhu hong,0
4471,nhu loan,0
4472,nhu mai,0
4473,nhu nga,0
4474,nhu ngoc,0
4475,nhu phuong,0
4476,nhu quan,0
4477,nhu quynh,0
4478,nhu thao,0
4479,nhu tran,0
4480,nhu tam,0
4481,nhu y,0
4482,nhat thuong,0
4483,nhat da,0
4484,nhat ha,0
4486,nhat lan,0
4487,nhat linh,0
4488,nhat le,0
4489,nhat mai,0
4490,nhat phuong,0
4491,nhat anh,0
4492,oanh tho,0
4493,oanh vu,0
4498,phi phuong,0
4500,phuong an,0
4501,phuong anh,0
4503,phuong chau,0
4504,phuong diem,0
4505,phuong dung,0
4506,phuong giang,0
4507,phuong hien,0
4508,phuong hoa,0
4509,phuong hanh,0
4510,phuong lan,0
4511,phuong linh,0
4512,phuong lien,0
4513,phuong loan,0
4514,phuong mai,0
4515,phuong nghi,0
4516,phuong ngoc,0
4517,phuong nhi,0
4518,phuong nhung,0
4519,phuong phuong,0
4520,phuong quyen,0
4521,phuong quan,0
4522,phuong que,0
4523,phuong quynh,0
4524,phuong thanh,0
4525,phuong thi,0
4526,phuong thuy,0
4527,phuong thao,0
4529,phuong trang,0
4530,phuong trinh,0
4531,phuong tra,0
4532,phuong tram,0
4533,phuong tam,0
4534,phuong uyen,0
4535,phuong yen,0
4536,phuoc binh,0
4537,phuoc hue,0
4538,phuong bich,0
4541,phuong le,0
4542,phuong nga,0
4544,phuong tien,0
4546,phuong vy,0
4547,phuong vu,0
4548,phung yen,0
4549,que anh,0
4550,que chi,0
4551,que linh,0
4552,que lam,0
4553,que phuong,0
4554,que thu,0
4555,quynh anh,0
4556,quynh chi,0
4557,quynh dao,0
4558,quynh dung,0
4559,quynh giang,0
4560,quynh giao,0
4561,quynh hoa,0
4562,quynh ha,0
4563,quynh huong,0
4564,quynh lam,0
4565,quynh lien,0
4567,quynh nga,0
4568,quynh ngan,0
4569,quynh nhi,0
4570,quynh nhung,0
4571,quynh nhu,0
4572,quynh phuong,0
4573,quynh sa,0
4574,quynh thanh,0
4575,quynh tho,0
4576,quynh tien,0
4577,quynh trang,0
4578,quynh tram,0
4579,quynh van,0
4580,sao bang,0
4582,song ke,0
4585,song thu,0
4586,song ha,0
4587,song huong,0
4588,son ca,0
4589,son tuyen,0
4590,suong suong,0
4591,thanh binh,0
4592,thanh dan,0
4594,thanh hieu,0
4595,thanh hien,0
4597,thanh huyen,0
4598,thanh ha,0
4599,thanh huong,0
4601,thanh hanh,0
4603,thanh hang,0
4604,thanh hong,0
4605,thanh kieu,0
4611,thanh man,0
4614,thanh ngan,0
4615,thanh ngoc,0
4618,thanh nha,0
4623,thanh thuy,0
4625,thanh thao,0
4628,thanh truc,0
4629,thanh tuyet,0
4630,thanh tuyen,0
4631,thanh tam,0
4632,thanh uyen,0
4634,thanh van,0
4635,thanh xuan,0
4636,thanh yen,0
4638,thi cam,0
4639,thi ngon,0
4641,thi xuan,0
4642,thi yen,0
4643,thien di,0
4644,thien duyen,0
4646,thien ha,0
4647,thien huong,0
4648,thien khanh,0
4649,thien kim,0
4650,thien lam,0
4651,thien lan,0
4652,thien mai,0
4653,thien my,0
4654,thien nga,0
4655,thien nuong,0
4656,thien phuong,0
4658,thien theu,0
4659,thien thu,0
4660,thien thao,0
4661,thien trang,0
4662,thien tuyen,0
4663,thieu mai,0
4664,thieu ly,0
4666,thien tien,0
4667,thu duyen,0
4669,thu hien,0
4670,thu hoai,0
4671,thu huyen,0
4672,thu hue,0
4673,thu ha,0
4674,thu hau,0
4675,thu hang,0
4676,thu hong,0
4678,thu lien,0
4683,thu nguyet,0
4685,thu ngan,0
4686,thu ngoc,0
4687,thu nhien,0
4690,thu phuong,0
4692,thu suong,0
4693,thu thuan,0
4694,thu thao,0
4695,thu thuy,0
4697,thu viet,0
4698,thu van,0
4699,thu vong,0
4700,thu yen,0
4701,thuan hau,0
4704,thy truc,0
4705,thy van,0
4706,thai chi,0
4707,thai ha,0
4708,thai hong,0
4709,thai lan,0
4710,thai lam,0
4711,thai thanh,0
4712,thai thao,0
4713,thai tam,0
4714,thai van,0
4715,thuy anh,0
4716,thuy dung,0
4717,thuy duong,0
4718,thuy giang,0
4719,thuy linh,0
4720,thuy mi,0
4721,thuy my,0
4722,thuy nhi,0
4723,thuy nhu,0
4724,thuy oanh,0
4725,thuy uyen,0
4726,thuy van,0
4728,thuy diem,0
4729,thuy hien,0
4730,thuy huyen,0
4731,thuy ha,0
4732,thuy huong,0
4734,thuy hanh,0
4735,thuy hang,0
4736,thuy kieu,0
4737,thuy lien,0
4738,thuy lieu,0
4739,thuy loan,0
4740,thuy mai,0
4741,thuy minh,0
4743,thuy nga,0
4745,thuy ngan,0
4746,thuy ngoc,0
4747,thuy phuong,0
4748,thuy quynh,0
4749,thuy vi,0
4750,thuy vy,0
4752,tho tho,0
4753,thu lam,0
4755,thuong huyen,0
4756,thuong nga,0
4757,thuong thuong,0
4759,thach thao,0
4760,thao huong,0
4761,thao hong,0
4762,thao linh,0
4763,thao ly,0
4764,thao mai,0
4765,thao my,0
4766,thao nghi,0
4767,thao nguyen,0
4768,thao nhi,0
4769,thao quyen,0
4770,thao tien,0
4771,thao trang,0
4772,thao uyen,0
4773,thao vy,0
4774,thao van,0
4775,thuc anh,0
4776,thuc khue,0
4777,thuc nhi,0
4778,thuc oanh,0
4779,thuc quyen,0
4780,thuc trang,0
4781,thuc trinh,0
4782,thuc tam,0
4783,thuc uyen,0
4784,thuc van,0
4785,thuc ðoan,0
4786,thuc ðao,0
4787,thuc ðinh,0
4789,thuy khanh,0
4791,thuy lam,0
4793,thuy nuong,0
4794,thuy trinh,0
4795,thuy tram,0
4798,thuy ðao,0
4800,thuy hong,0
4803,thuy nguyet,0
4805,thuy tien,0
4806,thuy trang,0
4807,thuy tam,0
4808,tinh tu,0
4809,tien phuong,0
4810,tieu mi,0
4811,tieu my,0
4812,tieu quynh,0
4815,trang nha,0
4816,trang tam,0
4817,trang ðai,0
4818,trieu nguyet,0
4820,trieu man,0
4822,tra giang,0
4823,tra my,0
4824,tram anh,0
4825,tram oanh,0
4826,tran chau,0
4827,truc chi,0
4828,truc lam,0
4829,truc lan,0
4830,truc linh,0
4831,truc lien,0
4832,truc loan,0
4833,truc ly,0
4835,truc mai,0
4836,truc phuong,0
4837,truc quan,0
4838,truc quynh,0
4839,truc vy,0
4840,truc van,0
4841,truc ðao,0
4842,truc dao,0
4843,tram huong,0
4844,tuyet anh,0
4845,tuyet bang,0
4846,tuyet chi,0
4847,tuyet hoa,0
4848,tuyet han,0
4849,tuyet huong,0
4850,tuyet hong,0
4851,tuyet lan,0
4852,tuyet loan,0
4853,tuyet lam,0
4854,tuyet mai,0
4855,tuyet nga,0
4856,tuyet nhi,0
4857,tuyet nhung,0
4858,tuyet oanh,0
4859,tuyet thanh,0
4860,tuyet trinh,0
4861,tuyet tram,0
4862,tuyet tam,0
4863,tuyet vy,0
4864,tuyet van,0
4865,tuyet xuan,0
4867,tue lam,0
4868,tue man,0
4869,tue nhi,0
4870,tam hien,0
4871,tam hanh,0
4872,tam hang,0
4873,tam khanh,0
4874,tam linh,0
4875,tam nguyen,0
4876,tam nguyet,0
4877,tam nhi,0
4878,tam nhu,0
4879,tam thanh,0
4880,tam trang,0
4881,tam ðoan,0
4882,tam dan,0
4885,tung quan,0
4886,tuy anh,0
4887,tuy linh,0
4888,tu anh,0
4889,tu ly,0
4890,tu nguyet,0
4891,tu quyen,0
4892,tu quynh,0
4893,tu suong,0
4894,tu trinh,0
4895,tu tam,0
4896,tu uyen,0
4897,tuy loan,0
4898,tuong chinh,0
4899,tuong vi,0
4900,tuong vy,0
4901,tuong van,0
4902,tinh lam,0
4903,tinh nhi,0
4904,tinh nhu,0
4905,tinh tam,0
4906,tinh yen,0
4907,to loan,0
4908,to nga,0
4909,to nhi,0
4910,to quyen,0
4911,to tam,0
4912,to uyen,0
4913,tu dung,0
4914,tu an,0
4915,uyen minh,0
4916,uyen my,0
4917,uyen nhi,0
4918,uyen phuong,0
4919,uyen thi,0
4920,uyen thy,0
4921,uyen tho,0
4922,uyen tram,0
4923,uyen vi,0
4924,uyen khanh,0
4926,uyen nghi,0
4928,uyen nha,0
4929,uyen nhu,0
4930,vi quyen,0
4932,viet ha,0
4933,viet huong,0
4934,viet khue,0
4935,viet mi,0
4936,viet nga,0
4937,viet nhi,0
4938,viet thi,0
4939,viet trinh,0
4940,viet tuyet,0
4941,viet yen,0
4944,vang anh,0
4945,vanh khuyen,0
4946,van anh,0
4947,van chi,0
4948,van du,0
4949,van ha,0
4950,van huong,0
4951,van khanh,0
4953,van linh,0
4954,van ngoc,0
4955,van nhi,0
4956,van phi,0
4957,van phuong,0
4958,van quyen,0
4959,van quynh,0
4960,van thanh,0
4961,van thuy,0
4962,van thuong,0
4963,van tien,0
4964,van trang,0
4965,van trinh,0
4966,vu hong,0
4967,xuyen chi,0
4968,xuan bao,0
4969,xuan dung,0
4970,xuan hien,0
4973,xuan huong,0
4974,xuan hanh,0
4975,xuan lan,0
4976,xuan linh,0
4977,xuan lieu,0
4978,xuan loan,0
4979,xuan lam,0
4980,xuan mai,0
4981,xuan nghi,0
4982,xuan ngoc,0
4983,xuan nhi,0
4984,xuan nhien,0
4985,xuan nuong,0
4986,xuan phuong,0
4988,xuan thanh,0
4989,xuan thu,0
4990,xuan thao,0
4991,xuan thuy,0
4992,xuan trang,0
4993,xuan tam,0
4994,xuan uyen,0
4995,xuan van,0
4996,xuan yen,0
4997,xuan xanh,0
4999,yen mai,0
5000,yen nhi,0
5001,yen ðan,0
5002,yen dan,0
5003,yen anh,0
5004,yen hong,0
5005,yen loan,0
5007,yen my,0
5009,yen oanh,0
5010,yen phuong,0
5012,yen thanh,0
5013,yen thao,0
5014,yen trang,0
5015,yen trinh,0
5016,yen tram,0
5018,ai hong,0
5019,ai khanh,0
5020,ai linh,0
5021,ai nhi,0
5022,ai nhan,0
5023,ai thi,0
5024,ai thy,0
5025,ai van,0
5026,anh duong,0
5027,anh hoa,0
5028,anh hong,0
5029,anh linh,0
5030,anh le,0
5032,anh nguyet,0
5033,anh ngoc,0
5035,anh trang,0
5036,anh tuyet,0
5037,anh xuan,0
5039,ðan quynh,0
5041,ðinh huong,0
5044,ðai trang,0
5045,ðong nghi,0
5046,ðong nhi,0
5047,ðong tra,0
5048,ðong tuyen,0
5049,ðong vy,0
5050,ðong ðao,0
5051,ðong dao,0
5052,y binh,0
5053,y lan,0
5054,y nhi,0
5055,dan linh,0
5056,dan quynh,0
5057,dan thanh,0
5058,dan thu,0
5061,dinh huong,0
5062,doan thanh,0
5063,doan trang,0
5064,dai trang,0
5065,dong nghi,0
5066,dong tra,0
5067,dong tuyen,0
5068,dong vy,0
5069,don thuan,0
5071,au lang,0
5072,quoc dat,1
5073,quốc đạt,1
5074,hồng quân,1
5075,ngọc hoàng,1
5076,ngọc liệu,1
5077,ngoc hoang,1
5078,ngoc lieu,1
5079,đình diệm,1
5080,đình nhu,1
5081,xuân định,1